AÑO_INICIO,NOMBRE,LAT,LNG,DESCRIPCION,ENTORNO,MONTO_CONTRATO,ETAPA,TIPO,COMUNA,JURISDICCION,MANO_OBRA,PORCENTAJE_AVANCE,ID,ETAPA_DETALLE,AREA_RESPONSABLE,BARRIO,CALLE_1,SECCION,MANZANA,PARCELA,DIRECCION,FECHA_INICIO,FECHA_FIN,PLAZO_MESES,IMAGEN_1,IMAGEN_2,IMAGEN_3,IMAGEN_4,LICITACION_OFERTA_EMPRESA,LICITACION_ANIO,BENEFICIARIOS,COMPROMISO,LINK_INTERNO,PLIEGO_DESCARGA,
2020,Obra 228 B° EL REMANSO - 55 VIVIENDAS - DPTO SANTA LUCÍA,-30.505665788368941932950995855,-69.176912548057537914709148459,,VIVIENDA/HABITAT,137262041.23,En ejecución,VIVIENDA NUEVA,,Santa Lucía,,,3240,40.En Ejecución,Instituto Provincial de la Vivienda,,,,,,,02/01/2020,27/12/2020,12,,,,,VALDIVIESO Y DEBANDI  S.R.L.,2019,,,,,
2020,Obra 203 B° COCHAGUAL - 49 VIV. - DPTO. SARMIENTO,-30.032257315329436335271431871,-67.818009425715586256923900445,,VIVIENDA/HABITAT,93762871.1,En ejecución,VIVIENDA NUEVA,,Cochagual,,,3222,40.En Ejecución,Instituto Provincial de la Vivienda,,,,,,,02/01/2020,28/10/2020,10,,,,,DAZ CONSTRUCCIONES  S.R.L.,2018,,,,,
2020,Obra 224 B° LOS NOGALES - 57 VIVIENDAS - DPTO. SANTA LUCIA,-30.792626197771956517454700154,-69.414103981616352984362866338,,VIVIENDA/HABITAT,65786228.78,En ejecución,VIVIENDA NUEVA,,Santa Lucía,,,3209,40.En Ejecución,Instituto Provincial de la Vivienda,,,,,,,02/01/2020,28/10/2020,10,,,,,INGENIERO CESAR BORREGO  S.R.L.,2017,,,,,
2020,Obra 220 Refacción de la EPET Nº 1 Ing. Rogelio Boero - Departamento Capital,-31.867078395029772980574274367,-69.304000131078687316956663008,,ARQUITECTURA,11566371.26,En ejecución,EDIFICIOS EDUCATIVOS,,Capital,,,3243,40.En Ejecución,Dirección de Infraestructura Escolar,,,,,,,02/01/2020,30/06/2020,6,,,,,BILBAO CONSTRUCCIONES  S.R.L.,2019,,,,,
2020,Obra 235 Ampliacion del ENI Nº 18 Gladis Noemi Peralta,-30.0529591470499060119529499,-68.605212573384027608725007642,,ARQUITECTURA,5202069.13,En ejecución,EDIFICIOS EDUCATIVOS,,Valle Fertil,,,3252,40.En Ejecución,Dirección de Infraestructura Escolar,,,,,,,03/02/2020,02/07/2020,5,,,,,BCN INGENIERIA  S.R.L.,2019,,,,,
2020,Obra 226 AMPLIACIÓN DE LA ENI Nº 66 GRANADEROS DE SAN MARTIN DEPARTAMENTO 9 DE JULIO,-30.970467191565709377904780812,-67.622881542913571782071375986,,ARQUITECTURA,4498478.21,En ejecución,EDIFICIOS EDUCATIVOS,,9 de Julio,,,3228,40.En Ejecución,Dirección de Infraestructura Escolar,,,,,,,02/01/2020,31/05/2020,5,,,,,ALADE CONSTRUCCIONES  S.R.L.,2019,,,,,
2020,Obra 236 Refacción de la ESC. TTE PEDRO NOLASCO FONSECA,-29.752029017183300008445404165,-69.387016602617415555572610337,,ARQUITECTURA,2295500.32,En ejecución,EDIFICIOS EDUCATIVOS,,Capital,,,3254,40.En Ejecución,Dirección de Infraestructura Escolar,,,,,,,03/02/2020,02/06/2020,4,,,,,GRUPO MEC  S.R.L.,2019,,,,,
2019,Obra 178 CONJUNTO HABITACIONAL GRAN LIBERTADOR - 141 DEPARTAMENTOS - DPTO. RIVADAVIA,-29.667378909906590191681219401,-68.049606248543212245289412406,,VIVIENDA/HABITAT,404128171.25,En ejecución,MEJORAMIENTO DE VIVIENDAS,,Rivadavia,,5.88,3154,40.En Ejecución,Instituto Provincial de la Vivienda,,,,,,,11/11/2019,03/05/2021,18,,,,,PERFIL  S.R.L.,2019,,,,,
2019,Obra 132 B° CUESTA DEL VIENTO IGLESIA - 129 VIVIENDAS - DPTO. IGLESIA,-29.984573826841879872231186778,-69.441940313493400339785020968,,VIVIENDA/HABITAT,299835338.28,En ejecución,VIVIENDA NUEVA,,Rodeo,,10.34,3053,40.En Ejecución,Instituto Provincial de la Vivienda,,,,,,,02/08/2019,23/03/2021,20,,,,,ING. JULIO NACUSI CONSTRUCCIONES  S.R.L.,2019,,,,,
2019,Obra 87 B° GOBERNADOR CARLOS DONCEL - 198 VIV. DPTO. POCITO,-31.604303730445057082737523759,-67.828056767463532555590690642,,VIVIENDA/HABITAT,291668185.54,En ejecución,VIVIENDA NUEVA,,Villa Aberastain,,72.89,3058,40.En Ejecución,Instituto Provincial de la Vivienda,,,,,,,04/02/2019,28/07/2020,18,,,,,PERFIL  S.R.L.,2018,,,,,
2019,Obra 107 Bº VILLA ESPERANZA -SECTOR A 160 VIVIENDAS - ZONDA,-31.360763852960594483459759719,-68.245802347199897406850217027,,VIVIENDA/HABITAT,274390521.7,En ejecución,VIVIENDA NUEVA,,Zonda,,32.56,3102,40.En Ejecución,Instituto Provincial de la Vivienda,,,,,,,18/03/2019,05/06/2021,27,,,,,ASFA S.R.L. - TERUSI CONSTRUCCIONES S.A.  U.T.E.,2018,,,,,
2019,Obra 102 Bº VALLE NORTE - 151 VIV. - DPTO. VALLE FÉRTIL,-30.287702660482126160772789197,-68.581371860907463229864216975,,VIVIENDA/HABITAT,270898711.5,En ejecución,VIVIENDA NUEVA,,Villa San Agustín,,35.48,3064,40.En Ejecución,Instituto Provincial de la Vivienda,,,,,,,06/03/2019,24/02/2021,24,,,,,SENDA  S.R.L.,2018,,,,,
2019,Obra 110 Bº RINCON DEL ESTE - 115 VIVIENDAS - DPTO. CAUCETE,-29.769062222552513298170975385,-67.620991490211184845577433604,,VIVIENDA/HABITAT,218298810.77,En ejecución,VIVIENDA NUEVA,,Caucete,,25.19,3081,40.En Ejecución,Instituto Provincial de la Vivienda,,,,,,,02/05/2019,23/12/2020,20,,,,,CICON  S.R.L.,2018,,,,,
2019,Obra 97 B° BICENTENARIO DE ANGACO - 102 VIV.- DPTO. ANGACO,-29.935353723779716979733510679,-68.681405476647214347895642859,,VIVIENDA/HABITAT,187321037.44,En ejecución,VIVIENDA NUEVA,,Angaco,,37.5,3085,40.En Ejecución,Instituto Provincial de la Vivienda,,,,,,,03/05/2019,24/10/2020,18,,,,,INGENIERO CESAR BORREGO  S.R.L.,2018,,,,,
2019,Obra 151 B° MAIPU - SECTOR 1 - 68 DPTOS - DPTO CAPITAL.,-29.853396831795482899855953051,-67.759947618126023153871468327,,VIVIENDA/HABITAT,178388603.24,En ejecución,VIVIENDA NUEVA,,Capital,,17.72,3099,40.En Ejecución,Instituto Provincial de la Vivienda,,,,,,,06/07/2019,31/03/2021,21,,,,,PANACAN  S.R.L.,2019,,,,,
2019,Obra 112 Bº VILLA ESPERANZA - SECTOR B - 98 VIVIENDAS -DPTO.ZONDA,-31.284189760476063193268711597,-67.759674959435025210876986982,,VIVIENDA/HABITAT,153849458.12,En ejecución,VIVIENDA NUEVA,,Zonda,,63.38,3100,40.En Ejecución,Instituto Provincial de la Vivienda,,,,,,,18/03/2019,10/06/2020,15,,,,,ASFA S.R.L. - TERUSI CONSTRUCCIONES S.A.  U.T.E.,2018,,,,,
2019,Obra 121 BARRIO 27 DE DICIEMBRE - 84 VIV .- DPTO. 25 DE MAYO,-30.83422279447914070619587702,-68.550621744320553515749773188,,VIVIENDA/HABITAT,151726576.86,En ejecución,VIVIENDA NUEVA,,Villa Santa Rosa,,54.9,3104,40.En Ejecución,Instituto Provincial de la Vivienda,,,,,,,02/05/2019,25/06/2020,14,,,,,BILBAO CONSTRUCCIONES  S.R.L.,2018,,,,,
2019,Obra 130 Bº JOSE AMERICO GRIMALT - SECTOR A2 - 73 VIVIENDAS - DPTO. ULLUM,-31.252707561029323557040878669,-68.524407879380341223563999351,,VIVIENDA/HABITAT,133699237.24,En ejecución,VIVIENDA NUEVA,,Ullum,,54.04,3097,40.En Ejecución,Instituto Provincial de la Vivienda,,,,,,,15/05/2019,08/07/2020,14,,,,,SUCESION DE GIULIANI. DIAMANTE,2018,,,,,
2019,Obra 118 Bº JOSÉ AMERICO GRIMALT - SECTOR A1 - 69 VIVIENDAS - DPTO. ULLUM,-30.194747301813815156081733894,-67.580771068568891068979991794,,VIVIENDA/HABITAT,130225653.41,En ejecución,VIVIENDA NUEVA,,Ullum,,49.13,3109,40.En Ejecución,Instituto Provincial de la Vivienda,,,,,,,02/05/2019,25/07/2020,15,,,,,SIGMA  S.A,2018,,,,,
2019,Obra 96 B° LA SILVICA - 49 VIVIENDAS,-30.891523537518984597066397754,-67.538984273068752371930532017,,VIVIENDA/HABITAT,108694271.97,En ejecución,VIVIENDA NUEVA,,Cochagual,,65.94,2914,40.En Ejecución,Instituto Provincial de la Vivienda,,,,,,,18/02/2019,11/08/2020,18,,,,,TERUSI CONSTRUCCIONES  S.A,2018,,,,,
2019,Obra 94 CONCRETO ASFALTICO EN CALIENTE PARA CONSERVACION Y MEJORAMIENTO DE LA RED VIAL PROVINCIAL (2018),-30.418930957770204938848501016,-67.558166685409671738777488998,,VIALIDAD,101985702.13,En ejecución,Arquitectura,,San Juan,,99.98,2932,40.En Ejecución,Dirección Provincial de Vialidad,,,,,,,05/02/2019,04/08/2019,6,,,,,FEDERICO HNOS  S.A,2018,,,,,
2019,Obra 89 B° FANZOLATO SUR - 82 VIVIENDAS - DPTO. RAWSON,-29.647013459533593150483480398,-69.149777481003093550886232063,,VIVIENDA/HABITAT,99314858.84,En ejecución,VIVIENDA NUEVA,,Rawson,,83.57,3065,40.En Ejecución,Instituto Provincial de la Vivienda,,,,,,,18/02/2019,20/04/2020,14,,,,,TECNO CONSTRUCCIONES SRL - BALLATO CONSTRUCCIONES - COPISA SRL  U.T.E.,2018,,,,,
2019,Obra 174 B° LA ALAMEDA. 45 VIV.- DPTO. CALINGASTA,-31.370415840299300770376490069,-68.721581964246345375333520968,,VIVIENDA/HABITAT,73853018.23,En ejecución,VIVIENDA NUEVA,,Villa Calingasta,,18.86,3163,40.En Ejecución,Instituto Provincial de la Vivienda,,,,,,,02/09/2019,27/08/2020,12,,,,,VALDIVIESO Y DEBANDI  S.R.L.,2018,,,,,
2019,Obra 169 REFUNCIONALIZACION CENTRO DEPORTIVO N°20-COMPLEJO LA GRANJA,-29.907881924713545560726675565,-69.026529484933819008411038455,,ARQUITECTURA,73505165.25,En ejecución,EDIFICIOS EDUCATIVOS,,Santa Lucía,,77.04,3191,40.En Ejecución,Dirección de Arquitectura,,,,,,,01/08/2019,10/11/2019,3,,,,,SENDA  S.R.L.,2019,,,,,
2019,Obra 189 Barrio Lote Hogar Martina Chapanay,-30.823968944189740324497683853,-68.005493784229663329497626322,,VIVIENDA/HABITAT,63216092.98,En ejecución,VIVIENDA NUEVA,,La Laja,,7.86,3229,40.En Ejecución,Instituto Provincial de la Vivienda,,,,,,,01/11/2019,24/01/2021,15,,,,,DMF CONSTRUCCIONES  S.R.L.,2019,,,,,
2019,Obra 201 B° VIRGEN DE LA MERCED - 50 VIV. - DPTO. RAWSON,-30.04737751099801797983931554,-69.208718336912169609216975433,,VIVIENDA/HABITAT,57235662.22,En ejecución,VIVIENDA NUEVA,,Rawson,,3.05,3214,40.En Ejecución,Instituto Provincial de la Vivienda,,,,,,,02/12/2019,28/09/2020,10,,,,,ING. JULIO NACUSI CONSTRUCCIONES  S.R.L.,2018,,,,,
2019,Obra 114 PAVIMENTACION Y ENSANCHE DE RUTA PROVINCIAL N°7 AV. JOAQUIN UÑAC,-30.399768359856255658697240046,-68.056299887877705614321497111,,VIALIDAD,54734766.38,En ejecución,Arquitectura,,Pocito,,83.63,3052,40.En Ejecución,Dirección Provincial de Vialidad,,,,,,,13/04/2019,08/01/2020,9,,,,,FEDERICO HNOS  S.A,2018,,,,,
2019,Obra 163 CONCRETO ASFALTICO EN CALIENTE PARA CONSERVACION Y MEJORAMIENTO DE LA RED VIAL PROVINCIAL (2018) - ADDENDA,-29.688398503116367979447987799,-68.293444623097264769432209178,,VIALIDAD,49942866.31,En ejecución,Arquitectura,,San Juan,,99.95,3183,40.En Ejecución,Dirección Provincial de Vialidad,,,,,,,05/02/2019,04/08/2019,6,,,,,FEDERICO HNOS  S.A,2018,,,,,
2019,Obra 194 B° JOSÉ FILIBERTO JOFRÉ - ETAPA 1 - 20 VIV. - DPTO. SAN MARTÍN,-29.638146627723708380954203192,-69.012778592872931335112375345,,VIVIENDA/HABITAT,48916707,En ejecución,VIVIENDA NUEVA,,Dos Acequias,,4.61,3152,40.En Ejecución,Instituto Provincial de la Vivienda,,,,,,,02/12/2019,25/01/2021,14,,,,,DICON  S.R.L.,2019,,,,,
2019,Obra 101 ENI Nº36-ESC.ANTONIO DE LA TORRE,-31.784914542703897902264767848,-67.953835072423286753146064453,,ARQUITECTURA,46723679.58,En ejecución,EDIFICIOS EDUCATIVOS,,Rawson,,54.81,3077,40.En Ejecución,Dirección de Infraestructura Escolar,,,,,,,01/03/2019,23/06/2020,16,,,,,PANACAN  S.R.L.,2018,,,,,
2019,Obra 172 Iluminación en Calle Hipólito Yrigoyen y Calle Vidart,-30.175497289956248902287485432,-68.832838968231614346107523163,,ENERGIA,46696687.45,En ejecución,DISTRIBUCION ELECTRICA,,Pocito,,32.9,3188,40.En Ejecución,Dirección de Recursos Energéticos,,,,,,,09/07/2019,07/10/2019,3,,,,,ING. JULIO NACUSI CONSTRUCCIONES  S.R.L.,2019,,,,,
2019,Obra 88 Ampliacion .Refaccion y Refuncionalizacion de la Esc. de Educ.Especial SARM,-30.946952439369530520036053413,-68.123741821892775906353224155,,ARQUITECTURA,44834601.54,En ejecución,EDIFICIOS EDUCATIVOS,,Capital,,75.45,3069,40.En Ejecución,Dirección de Infraestructura Escolar,,,,,,,01/03/2019,23/06/2020,16,,,,,BILBAO CONSTRUCCIONES  S.R.L.,2018,,,,,
2019,Obra 108 AMPLIACION. REFACCION Y REF DE LA E.E.E  CAROLINA TOBAR GARCIA,-30.557474328967694489689553446,-68.567894946664145240112673717,,ARQUITECTURA,40242295.32,En ejecución,EDIFICIOS EDUCATIVOS,,Rawson,,57.58,3095,40.En Ejecución,Dirección de Infraestructura Escolar,,,,,,,03/04/2019,26/07/2020,16,,,,,PANACAN  S.R.L.,2018,,,,,
2019,Obra 190 Barrio  Lote Hogar Las Nubes,-30.030870798259331475411502152,-67.567908748678200799017708575,,ARQUITECTURA,39121764.05,En ejecución,ESPACIOS DE RENOVACION URBANA,,El Topón,,4.41,3227,40.En Ejecución,Instituto Provincial de la Vivienda,,,,,,,01/11/2019,27/08/2020,10,,,,,CONSTRUCTORA INDUSTRIAL  S.R.L.,2019,,,,,
2019,Obra 136 Bº ESPAÑA - 22 VIVIENDAS - DPTO. ALBARDON,-31.041157997974396220802448503,-68.550460124497001304272868041,,VIVIENDA/HABITAT,38152077.68,En ejecución,VIVIENDA NUEVA,,Albardon,,48.54,2919,40.En Ejecución,Instituto Provincial de la Vivienda,,,,,,,04/06/2019,03/06/2020,12,,,,,PEDERNAL CONSTRUCCIONES  S.R.L.,2018,,,,,
2019,Obra 93 AMPLIACION Y REFACCION DE LA ESCUELA PROF.ALEJANDRO MATHUS Y CAP.LAB,-30.658441896523015943967699443,-68.712445686691578420847121637,,ARQUITECTURA,29476844.63,En ejecución,EDIFICIOS EDUCATIVOS,,Sarmiento,,63.75,3066,40.En Ejecución,Dirección de Infraestructura Escolar,,,,,,,15/02/2019,10/02/2020,12,,,,,CONYCOM  S.R.L.,2018,,,,,
2019,Obra 113 PAVIMENTACION RUTAS VARIAS DEPARTAMENTO POCITO,-30.594503213532539199902904652,-67.834190117057455772538334436,,VIALIDAD,29207589.97,En ejecución,Arquitectura,,Pocito,,69.92,2954,40.En Ejecución,Dirección Provincial de Vialidad,,,,,,,02/05/2019,28/12/2019,8,,,,,CONSTRUCCIONES IVICA Y ANTONIO DUMANDZIC  S.A,2018,,,,,
2019,Obra 162 INSPECCIÓN RPN°54 CAMINO A MATAGUSANOS,-30.264209235160420165702659401,-68.874487134332483642006536034,,VIALIDAD,28902923.55,En ejecución,OBRAS VIALES DE CONSTRUCCION (OBRA NUEVA),,Ullum,,20.83,3182,40.En Ejecución,Dirección Provincial de Vialidad,,,,,,,04/07/2019,23/06/2021,24,,,,,DE LA TORRE ALFONSO LUIS Y DE LA TORRE ALFONSO  S.DE H.,2019,,,,,
2019,Obra 219 B° 20 DE JUNIO - 16 VIV.- DPTO. 25 DE MAYO,-31.696435321428199704322646265,-68.06511257196956787628894656,,VIVIENDA/HABITAT,27255590.92,En ejecución,VIVIENDA NUEVA,,Tupelì,,,3180,40.En Ejecución,Instituto Provincial de la Vivienda,,,,,,,02/12/2019,30/05/2020,6,,,,,BILBAO CONSTRUCCIONES  S.R.L.,2018,,,,,
2019,Obra 246 PRUEBA 1 - DIRECCION PROVINCIAL DE REDES DE GAS,-30.306217732314224407661995717,-68.59684021650813858357274692,,ARQUITECTURA,21391039.75,En ejecución,EDIFICIOS EDUCATIVOS,,San Juan,,40,3326,40.En Ejecución,Dirección Provincial de Redes de Gas,,,,,,,01/07/2019,25/06/2020,12,,,,,DAZ CONSTRUCCIONES  S.R.L.,2019,,,,,
2019,Obra 247 PRUEBA 2 - DIRECCION PROVINCIAL DE REDES DE GAS,-30.426490625437263769154668215,-67.833194026456466866341445886,,ENERGIA,21391039.75,En ejecución,TRANSPORTE DE GAS,,San Juan,,,3327,40.En Ejecución,Dirección Provincial de Redes de Gas,,,,,,,01/07/2019,25/06/2020,12,,,,,DAZ CONSTRUCCIONES  S.R.L.,2019,,,,,
2019,Obra 245 PRUEBA 3 - DIRECCION DE INFRAESTRUCTURA ESCOLAR,-30.902078621849233666703329831,-69.20112793322040716849789284,,ARQUITECTURA,21391039.75,En ejecución,EDIFICIOS EDUCATIVOS,,San Juan,,60,3325,40.En Ejecución,Dirección de Infraestructura Escolar,,,,,,,01/07/2019,25/06/2020,12,,,,,MARIO FORONI CONSTRUCCIONES  S.R.L.,2019,,,,,
2019,Obra 244 PRUEBA 2 - DIRECCION DE INFRAESTRUCTURA ESCOLAR,-30.763389264337423402501007389,-68.543962738119666726588377967,,ARQUITECTURA,21391039.75,En ejecución,EDIFICIOS EDUCATIVOS,,San Juan,,60,3324,40.En Ejecución,Dirección de Infraestructura Escolar,,,,,,,01/07/2019,25/06/2020,12,,,,,VALDIVIESO Y DEBANDI  S.R.L.,2019,,,,,
2019,Obra 243 PRUEBA 1 - DIRECCION DE INFRAESTRUCTURA ESCOLAR,-30.155280940758987357827736392,-67.655633625811827335814360615,,ARQUITECTURA,21391039.75,En ejecución,EDIFICIOS EDUCATIVOS,,San Juan,,60,3323,40.En Ejecución,Dirección de Infraestructura Escolar,,,,,,,01/07/2019,25/06/2020,12,,,,,CONSTRUCCIONES SCOP  S.A,2019,,,,,
2019,Obra 251 PRUEBA 2 - DIRECCION DE RECURSOS ENERGETICOS,-29.73213267401978505957220809,-67.992858398379371456250546709,,ARQUITECTURA,21391039.75,En ejecución,EDIFICIOS PUBLICOS,,San Juan,,60,3341,40.En Ejecución,Dirección de Recursos Energéticos,,,,,,,01/07/2019,25/06/2020,12,,,,,HORMIGONES DE CUYO  S.A,2019,,,,,
2019,Obra 250 PRUEBA 1 - DIRECCION DE RECURSOS ENERGETICOS,-31.631411126724542971109431898,-68.40610881629445079835363278,,ARQUITECTURA,21391039.75,En ejecución,EDIFICIOS PUBLICOS,,San Juan,,60,3340,40.En Ejecución,Dirección de Recursos Energéticos,,,,,,,01/07/2019,25/06/2020,12,,,,,MAPAL  S.A.C.I.A.,2019,,,,,
2019,Obra 249 PRUEBA 2 - DIRECCION PROVINCIAL DE ESPACIOS VERDES,-31.754754245869694475725046376,-67.554871712982110768341970318,,ARQUITECTURA,21391039.75,En ejecución,ESPACIOS DE PROTECCION /CONSERVACION AMBIENTAL,,San Juan,,60,3329,40.En Ejecución,Dirección Provincial de Espacios Verdes,,,,,,,01/07/2019,25/06/2020,12,,,,,TERUSI CONSTRUCCIONES  S.A,2019,,,,,
2019,Obra 248 PRUEBA 1 - DIRECCION PROVINCIAL DE ESPACIOS VERDES,-31.598239274831815925438345002,-68.624120589498165231763532415,,ARQUITECTURA,21391039.75,En ejecución,ESPACIOS DE PROTECCION /CONSERVACION AMBIENTAL,,San Juan,,40,3328,40.En Ejecución,Dirección Provincial de Espacios Verdes,,,,,,,01/07/2019,25/06/2020,12,,,,,TERUSI CONSTRUCCIONES  S.A,2019,,,,,
2019,Obra 240 PRUEBA 1 - DIRECCION DE ARQUITECTURA,-30.453577475434739195075004395,-68.663806544935142005390939519,,ARQUITECTURA,21391039.75,En ejecución,INRAESTRUCTURA RECREATIVA Y CULTURAL,,San Juan,,60,3320,40.En Ejecución,Dirección de Arquitectura,,,,,,,01/07/2019,25/06/2020,12,,,,,MAPAL  S.A.C.I.A.,2019,,,,,
2019,Obra 241 PRUEBA 2 - DIRECCION DE ARQUITECTURA,-30.719518661578627781206986061,-68.456601540266875849075146073,,ARQUITECTURA,21391039.75,En ejecución,EDIFICIOS PARA LA SEGURIDAD,,San Juan,,60,3321,40.En Ejecución,Dirección de Arquitectura,,,,,,,01/07/2019,25/06/2020,12,,,,,PERFIL  S.R.L.,2019,,,,,
2019,Obra 242 PRUEBA 3 - DIRECCION DE ARQUITECTURA,-30.898934464996053789867380336,-68.478437664094396309291157725,,ARQUITECTURA,21391039.75,En ejecución,EDIFICIOS PARA LA SALUD,,San Juan,,60,3322,40.En Ejecución,Dirección de Arquitectura,,,,,,,01/07/2019,25/06/2020,12,,,,,MAPAL  S.A.C.I.A.,2019,,,,,
2019,Obra 126 AMPLIACION REFACCION Y REFUNCIONALIZACION DE LA ESC.ADAN QUIROGA,-31.236021576315122330905798468,-69.004196325314759986789973383,,ARQUITECTURA,20611454.23,En ejecución,EDIFICIOS EDUCATIVOS,,Albardon,,59.33,3113,40.En Ejecución,Dirección de Infraestructura Escolar,,,,,,,02/05/2019,10/06/2020,14,,,,,VALDIVIESO Y DEBANDI  S.R.L.,2018,,,,,
2019,Obra 122 RESIDENCIA TRANSITORIA HOSPITAL DR. MARCIAL QUIROGA,-30.674519872676245846786132552,-69.382977714491605374830839862,,ARQUITECTURA,15599619.89,En ejecución,EDIFICIOS PARA LA SALUD,,Rivadavia,,64.88,3118,40.En Ejecución,Dirección de Arquitectura,,,,,,,01/03/2019,24/02/2020,12,,,,,C.G.C. CONSTRUCCIONES  S.R.L.,2018,,,,,
2019,Obra 164 ESCUELA AGROINDUSTRIAL VIDELA CUELLO,-30.243992307243442151036271967,-67.655837161671700606596253736,,ARQUITECTURA,15205868,En ejecución,EDIFICIOS EDUCATIVOS,,Jachal,,55.3,3177,40.En Ejecución,Dirección de Infraestructura Escolar,,,,,,,02/09/2019,29/04/2020,8,,,,,PM CONSTRUCCIONES  S.R.L.,2019,,,,,
2019,Obra 90 CONTINUACIÓN DE LA OBRA B° SARMIENTO - CONJUNTO 6 - 30 VIV. - DPTO. SARMIENTO,-31.174607888696059502131678869,-68.061236974208579029785083798,,VIVIENDA/HABITAT,15182650.23,En ejecución,VIVIENDA NUEVA,,Colonia Fiscal,,97.79,3062,40.En Ejecución,Instituto Provincial de la Vivienda,,,,,,,02/01/2019,29/10/2019,10,,,,,VALDIVIESO Y DEBANDI  S.R.L.,2019,,,,,
2019,Obra 196 ILUMINACION SECTOR EMBARCADERO AREA PRESA EMBALSE QUEBRADA DE ULLUM. AT-I,-30.838571438163130319316765147,-67.58141022022220258744355315,,ENERGIA,12403751.67,Finalizada,DISTRIBUCION ELECTRICA,,Ullum,,100,3186,70.Finalizado,Dirección de Recursos Energéticos,,,,,,,28/10/2019,27/12/2019,2,,,,,SERGIO CHICONI  S.R.L.,2019,,,,,
2019,Obra 166 Extensión Red de Gas Natural de Media Presión. Zonas Faltantes Lote Hogar 20 y 34,-31.38275321540701806416674862,-69.580853119574532050680181075,,ENERGIA,7300000,En ejecución,DISTRIBUCION DE GAS,,La Bebida,,94.03,3178,40.En Ejecución,Dirección Provincial de Redes de Gas,,,,,,,27/05/2019,22/01/2020,8,,,,,REGALADO BENITEZ. CARLOS ADOLFO,2018,,,,,
2019,Obra 215 CONSTRUCCIÒN PLAYÒN POLIDEPORTIVO ESCUELA PRESIDENTE JULIO ARGENTINO ROCA - DEPARTAMENTO CAUCETE,-30.129979065243350606204748605,-68.321453916272670376436258473,,ARQUITECTURA,6778281.59,En ejecución,EDIFICIOS EDUCATIVOS,,Marayes,,22.18,3225,40.En Ejecución,Dirección de Infraestructura Escolar,,,,,,,02/12/2019,30/05/2020,6,,,,,LUCERO WIDMER. RICARDO MIGUEL,2019,,,,,
2019,Obra 155 REFACCIONES VARIAS SOCIEDAD FRANKLIN BIBLIOTECA POPULAR,-31.832312219294055199087561553,-69.494704620399847120629786425,,ARQUITECTURA,5300420.43,Finalizada,INRAESTRUCTURA RECREATIVA Y CULTURAL,,Capital,,100,3169,70.Finalizado,Dirección de Arquitectura,,,,,,,18/06/2019,25/12/2019,6,,,,,OBRASCOM  S.R.L.,2019,,,,,
2019,Obra 135 B° RIVADAVIA - CONJUNTO 7 - 110 VIV. - DPTO. RIVADAVIA - ADICIONAL REJAS,-29.610731567231287555784707146,-68.136015663263515154319709491,,VIVIENDA/HABITAT,4926256.8,Finalizada,MEJORAMIENTO DE VIVIENDAS,,Rivadavia,,100,3072,70.Finalizado,Instituto Provincial de la Vivienda,,,,,,,01/03/2019,30/04/2019,2,,,,,CICON  S.R.L.,2018,,,,,
2019,Obra 237 B° 27 DE DICIEMBRE - 84 VIV. - DPTO. 25 DE MAYO - ADICIONAL DEPRESIÓN DE NAPA Y BOMBEO,-30.901156378674471261108794048,-68.90725577627192054229581154,,VIVIENDA/HABITAT,4904838.73,En ejecución,OBRAS D EINFRAESTRUCTURA Y COMPLEMENTARIAS,,25 de Mayo,,0,3269,40.En Ejecución,Instituto Provincial de la Vivienda,,,,,,,07/11/2019,04/06/2020,7,,,,,BILBAO CONSTRUCCIONES  S.R.L.,2018,,,,,
2019,Obra 180 ´AMPLIACION Y REFACCION DE UNA SALA DE NIVEL INICIAL DE LA ESCUELA HONORIO PUEYRREDON´,-30.025162405182251100735388307,-68.125190814789436129004622392,,ARQUITECTURA,4738428.82,En ejecución,EDIFICIOS EDUCATIVOS,,Chimbas,,66.58,3201,40.En Ejecución,Dirección de Infraestructura Escolar,,,,,,,02/09/2019,20/01/2020,5,,,,,LUCERO WIDMER. RICARDO MIGUEL,2019,,,,,
2019,Obra 142 B° PISMANTA III - 68 VIVIENDAS - DPTO. JACHAL - ADICIONAL CLOACAS,-31.725909553947707458096847822,-69.170975186029970624314803639,,VIVIENDA/HABITAT,4515181.02,Finalizada,OBRAS D EINFRAESTRUCTURA Y COMPLEMENTARIAS,,San José de Jáchal,,100,3084,70.Finalizado,Instituto Provincial de la Vivienda,,,,,,,15/04/2019,13/08/2019,4,,,,,SUYAI  S.R.L.,2017,,,,,
2019,Obra 127 Bº PADRE CARLOS BARBERO - 48 VIV. - DPTO. SAN MARTIN - ADICIONAL RELLENOS - MURO DE CONTENCION - CAMBIO DE PROYECTO,-31.421805025674727250711079885,-69.144117154593716236753852317,,VIVIENDA/HABITAT,4375090.49,Finalizada,OBRAS D EINFRAESTRUCTURA Y COMPLEMENTARIAS,,San Martin,,100,3116,70.Finalizado,Instituto Provincial de la Vivienda,,,,,,,26/03/2019,28/09/2019,6,,,,,GALVARINI & ASOCIADOS CONSTRUCCIONES  S.A,2018,,,,,
2019,Obra 213 AMPLIACION Y REFACCION ENI N°54-SEGUNDINO NAVARRO,-31.836434534106437829008872562,-67.691958772167986777298815412,,ARQUITECTURA,4337857.89,En ejecución,EDIFICIOS EDUCATIVOS,,25 de Mayo,,3.39,3212,40.En Ejecución,Dirección de Infraestructura Escolar,,,,,,,02/12/2019,30/05/2020,6,,,,,MCG INGENIERIA  S.R.L.,2019,,,,,
2019,Obra 143 TRABAJOS PRELIMINARES A LA REMODELACION DEL EDIFICIO DE CALLE RIVADAVIA 30 OESTE,-30.72142549523305741551557564,-68.736345796444683679683627776,,ARQUITECTURA,4329424.01,Finalizada,EDIFICIOS PUBLICOS,,Capital,,100,3146,70.Finalizado,Dirección de Arquitectura,,,,,,,15/05/2019,13/08/2019,3,,,,,DAZ CONSTRUCCIONES  S.R.L.,2018,,,,,
2019,Obra 100 AMPLIACION Y REFACCION DE LA ESCUELA RAFAEL OBLIGADO,-30.896585707252359823939352735,-68.832295540868843714428798561,,ARQUITECTURA,4325253.23,Finalizada,EDIFICIOS EDUCATIVOS,,Zonda,,100,3076,70.Finalizado,Dirección de Infraestructura Escolar,,,,,,,01/03/2019,28/08/2019,6,,,,,GRUPO MEC  S.R.L.,2018,,,,,
2019,Obra 218 Redes media Presión B° Conjunto 9,-31.387789204211547953413466374,-68.631905957715219583817088761,,ENERGIA,4149990.62,En ejecución,DISTRIBUCION DE GAS,,Villa Bolaños (Médano de Oro),,0,3286,40.En Ejecución,Secretaría de Servicios Públicos,,,,,,,19/11/2019,18/03/2020,4,,,,,REGALADO BENITEZ. CARLOS ADOLFO,2019,,,,,
2019,Obra 165  ESC. GUEMES,-31.431652096155040932810406589,-67.705418260913577946903701591,,ARQUITECTURA,4057548.23,En ejecución,EDIFICIOS EDUCATIVOS,,Pocito,,66.42,3179,40.En Ejecución,Dirección de Infraestructura Escolar,,,,,,,02/09/2019,30/01/2020,5,,,,,VALDIVIESO Y DEBANDI  S.R.L.,2019,,,,,
2019,Obra 153 CONSTRUCCION DE UNA SALA DE NIVEL INICIAL ESC. JUAN LARREA,-30.178909922706104182222481728,-68.137058824034068654572343201,,ARQUITECTURA,3959603.08,Finalizada,EDIFICIOS EDUCATIVOS,,San Martin,,100,3165,70.Finalizado,Dirección de Infraestructura Escolar,,,,,,,01/07/2019,28/11/2019,5,,,,,PM CONSTRUCCIONES  S.R.L.,2019,,,,,
2019,Obra 148 Ampliacion y Refaccion de  la Esc.Campaña del desierto,-30.257803439617690705820241304,-69.138066918830945441691248923,,ARQUITECTURA,3816042.67,Finalizada,EDIFICIOS EDUCATIVOS,,Capital,,100,3161,70.Finalizado,Dirección de Infraestructura Escolar,,,,,,,01/07/2019,28/11/2019,5,,,,,NARANJO. PEDRO ROLANDO,2019,,,,,
2019,Obra 156 Bº SAN MARTIN - CONJUNTO 1 - REPARACION 7 VIV. - DPTO SAN MARTIN,-30.747781544868081088885589647,-68.136768042208046597720094642,,VIVIENDA/HABITAT,3578068.38,Finalizada,MEJORAMIENTO DE VIVIENDAS,,San Martin,,100,3171,70.Finalizado,Instituto Provincial de la Vivienda,,,,,,,02/07/2019,30/09/2019,3,,,,,LUCERO WIDMER. RICARDO MIGUEL,2018,,,,,
2019,Obra 149 REFACCION DE SALA DE NIVEL INICIAL DE LA ESCUELA CECILIO AVILA ,-30.360775204618348287173755986,-68.416743219283305446041254148,,ARQUITECTURA,3498893.55,Finalizada,EDIFICIOS EDUCATIVOS,,Rawson,,100,3160,70.Finalizado,Dirección de Infraestructura Escolar,,,,,,,01/07/2019,28/11/2019,5,,,,,URBAN  S.R.L.,2019,,,,,
2019,Obra 154 REFACCION  ENI N°9 -SARA ECLESTON,-30.035713306426888939324463691,-69.359035621563533187307219723,,ARQUITECTURA,3337307.23,Finalizada,EDIFICIOS EDUCATIVOS,,San José de Jáchal,,100,3162,70.Finalizado,Dirección de Infraestructura Escolar,,,,,,,01/07/2019,28/11/2019,5,,,,,VALDIVIESO Y DEBANDI  S.R.L.,2019,,,,,
2019,Obra 99 ADICIONAL OBRA B° SANTA MARIA - SECTOR 1 - 102 VIV.- DPTO. CHIMBAS,-31.726268738076147522032229886,-67.615093767072198038999728794,,VIVIENDA/HABITAT,3317729.18,Finalizada,OBRAS D EINFRAESTRUCTURA Y COMPLEMENTARIAS,,Chimbas,,100,3082,70.Finalizado,Instituto Provincial de la Vivienda,,,,,,,06/02/2019,04/09/2019,7,,,,,DAZ CONSTRUCCIONES  S.R.L.,2016,,,,,
2019,Obra 147 CIERRE PUBLICO Y STAND - PREDIO FERIAL,-30.12868613901876185097338796,-68.282906025008028399008392014,,ARQUITECTURA,3243804.15,Finalizada,INRAESTRUCTURA RECREATIVA Y CULTURAL,,Chimbas,,100,3157,70.Finalizado,Dirección de Arquitectura,,,,,,,04/05/2019,01/09/2019,4,,,,,PM CONSTRUCCIONES  S.R.L.,2019,,,,,
2019,Obra 191 Ampliación de Obra Red de Media Presión de Gas B° General Acha ,-31.577498063041892652007227851,-69.379573917598880745370244358,,ENERGIA,3227120.95,Finalizada,DISTRIBUCION DE GAS,,Rawson,,100,3223,70.Finalizado,Dirección Provincial de Redes de Gas,,,,,,,26/09/2019,24/01/2020,4,,,,,REGALADO BENITEZ. CARLOS ADOLFO,2019,,,,,
2019,Obra 192 B° SARMIENTO CONJUNTO 6 - CONTINUACIÓN - 30 VIV.- ADICIONAL DE OBRA,-31.043069529001024471734162721,-69.150411056644886117351538242,,VIVIENDA/HABITAT,2746327.23,Finalizada,MEJORAMIENTO DE VIVIENDAS,,Sarmiento,,100,3226,70.Finalizado,Instituto Provincial de la Vivienda,,,,,,,02/09/2019,29/02/2020,6,,,,,VALDIVIESO Y DEBANDI  S.R.L.,2018,,,,,
2019,Obra 208 Erradicación de arbustos y relleno de carcavas en tauld aguas abajo. Presa de Embalse Q. de Ullum,-30.437307615611384247881763609,-68.793588502809352710928806025,,RECURSOS HIDRICOS,2259102.51,Finalizada,OBRAS DE DEFENSA HIDRICAS,,Ullum,,100,3271,70.Finalizado,Dirección de Recursos Energéticos,,,,,,,14/11/2019,13/01/2020,2,,,,,BASTANTE. FERNANDO DIEGO,2019,,,,,
2019,Obra 106 Bº AMECOM 4 - 123 VIV.- DPTO. RAWSON - ECONOMIAS Y DEMASIAS - GAS NATURAL,-30.464337631533438015590294209,-67.672638401324345601822057657,,VIVIENDA/HABITAT,2232032.53,Finalizada,OBRAS D EINFRAESTRUCTURA Y COMPLEMENTARIAS,,Rawson,,100,2918,70.Finalizado,Instituto Provincial de la Vivienda,,,,,,,04/04/2019,23/06/2019,3,,,,,INGENIERO CESAR BORREGO  S.R.L.,2019,,,,,
2019,Obra 120 COMPENSACION e/ECONOMIA Y ADICIONAL DE OBRA B° ASOCIACION CIVIL JARDIN POLICIAL - ZONA NORTE - 47 VIV. - DPTO JACHAL,-30.020284382535473056096684661,-67.971131819801285290750186759,,VIVIENDA/HABITAT,2176484.04,Finalizada,OBRAS D EINFRAESTRUCTURA Y COMPLEMENTARIAS,,San José de Jáchal,,100,3112,70.Finalizado,Instituto Provincial de la Vivienda,,,,,,,01/03/2019,31/03/2019,1,,,,,PM CONSTRUCCIONES SRL Y OBRASCOM SRL  U.T.E.,2019,,,,,
2019,Obra 119 Bº SANTA MARIA - SECTOR 4 - CONJUNTO 4 - 106 VIV. - DPTO. CHIMBAS - ADICIONAL CALLES Y REJAS,-29.714424644087884178961714027,-68.682829293303782697157534297,,VIVIENDA/HABITAT,1971534.51,Finalizada,OBRAS D EINFRAESTRUCTURA Y COMPLEMENTARIAS,,Chimbas,,100,3092,70.Finalizado,Instituto Provincial de la Vivienda,,,,,,,06/03/2019,31/03/2019,1,,,,,SIGMA  S.A,2017,,,,,
2019,Obra 233 Portal de Acceso Sector Espigón Embarcadero Embalse Quebrada de Ullum,-30.329718939152559406737017918,-68.657249102643296358454183989,,ARQUITECTURA,1700768.07,Finalizada,EDIFICIOS PUBLICOS,,Ullum,,100,3291,70.Finalizado,Dirección de Recursos Energéticos,,,,,,,13/12/2019,12/01/2020,1,,,,,CARRERA. MARIO LEONARDO,2019,,,,,
2019,Obra 125 Bº SANTA MARIA - SECTOR 6 - CONJUNTO 6 - 118 VIV. - DPTO. CHIMBAS - ADICIONAL REJAS,-30.588239346920144183355368856,-69.359637633382225961253568774,,VIVIENDA/HABITAT,1639779.98,Finalizada,VIVIENDA NUEVA,,Chimbas,,100,3108,70.Finalizado,Instituto Provincial de la Vivienda,,,,,,,01/02/2019,03/03/2019,1,,,,,MAPAL  S.A.C.I.A.,1899,,,,,
2019,Obra 183 ALTERACION AL CONTRATO N°1-  CIERRE PUBLICO Y STAND - PREDIO FERIAL - DEPARTAMENTO CHIMBAS ,-31.899531799500144156836768297,-69.248272054761555341771851641,,ARQUITECTURA,1616462.31,Finalizada,INRAESTRUCTURA RECREATIVA Y CULTURAL,,Chimbas,,100,3216,70.Finalizado,Dirección de Arquitectura,,,,,,,04/05/2019,01/09/2019,4,,,,,PM CONSTRUCCIONES  S.R.L.,1919,,,,,
2019,Obra 123 Bº STA. MARIA SECTOR 1 102 VIV. -CAMBIO PAQUETE ESTRUCTURAL DE CALLES-CHIMBAS,-31.048449263244112702875405564,-67.890765533223550131308844712,,VIVIENDA/HABITAT,1568670.25,Finalizada,OBRAS D EINFRAESTRUCTURA Y COMPLEMENTARIAS,,Chimbas,,100,3106,70.Finalizado,Instituto Provincial de la Vivienda,,,,,,,25/02/2019,26/05/2019,3,,,,,DAZ CONSTRUCCIONES  S.R.L.,2016,,,,,
2019,Obra 138 B° OLIVARES DEL SUR - 91 VIV. - DPTO. POCITO - ADICIONAL RED DE GAS,-31.87697302952686922171632344,-68.812795091603732008250760506,,VIVIENDA/HABITAT,1547601.56,En ejecución,OBRAS D EINFRAESTRUCTURA Y COMPLEMENTARIAS,,Villa Aberastain,,84.39,3127,40.En Ejecución,Instituto Provincial de la Vivienda,,,,,,,01/05/2019,29/08/2019,4,,,,,SIGMA  S.A,2017,,,,,
2019,Obra 186 Construcción de Cierre Perimetral de Oficinas de la Direccion de Recursos Energéticos y Construcción de Barandas zona Aliviadero - Dique Caracoles,-31.383341724821652689877136913,-67.911958790746471926836698447,,ARQUITECTURA,1540557.04,Finalizada,EDIFICIOS PUBLICOS,,San Juan,,100,3224,70.Finalizado,Dirección de Recursos Energéticos,,,,,,,24/06/2019,23/08/2019,2,,,,,BASTANTE. FERNANDO DIEGO,2019,,,,,
2019,Obra 239 REFACCIONES VARIAS SOCIEDAD FRANKLIN BIBLIOTECA POPULAR- ALTERACION Nº 1,-31.162524450805668366280537397,-69.55647101291775152903947704,,ARQUITECTURA,1501522.46,Finalizada,INRAESTRUCTURA RECREATIVA Y CULTURAL,,CAPITAL,,100,3296,70.Finalizado,Dirección de Arquitectura,,,,,,,18/06/2019,25/12/2019,6,,,,,OBRASCOM  S.R.L.,2019,,,,,
2019,Obra 204 CONJUNTO 5 - Bº SANTA MARIA - SECTOR 5 - 124 VIV. - ADICIONAL REJAS,-30.849615374785288801833730314,-67.855210832175133313640107242,,VIVIENDA/HABITAT,1432535.92,Finalizada,VIVIENDA NUEVA,,Chimbas,,100,3125,70.Finalizado,Instituto Provincial de la Vivienda,,,,,,,01/07/2019,27/08/2019,2,,,,,CICON  S.R.L.,2017,,,,,
2019,Obra 223 Reemplazo de Luminarias en oficinas DRE. tunel desc. de fodo y aliviadero - Dique Caracoles,-29.877128235120958931882466614,-68.346453402330084879094048768,,ENERGIA,1417301.41,Finalizada,DISTRIBUCION ELECTRICA,,Ullum,,100,3260,70.Finalizado,Dirección de Recursos Energéticos,,,,,,,04/11/2019,03/01/2020,2,,,,,BASTANTE. FERNANDO DIEGO,2019,,,,,
2019,Obra 98 ADICIONAL OBRA B° OLIVARES DEL SUR - 91 VIV. - DPTO. POCITO,-30.126430608580379527406926188,-68.820902365956856945909310693,,VIVIENDA/HABITAT,1386368.81,Finalizada,OBRAS D EINFRAESTRUCTURA Y COMPLEMENTARIAS,,Quinto Cuartel,,100,3079,70.Finalizado,Instituto Provincial de la Vivienda,,,,,,,04/02/2019,06/03/2019,1,,,,,SIGMA  S.A,2017,,,,,
2019,Obra 116 Bº RIVADAVIA - CONJUNTO 2 - 36 VIV. - ADICIONAL CLOACAS,-30.527536212575663091694808925,-68.345486808348668438805653893,,VIVIENDA/HABITAT,1298184.57,Finalizada,OBRAS D EINFRAESTRUCTURA Y COMPLEMENTARIAS,,Rivadavia,,100,3105,70.Finalizado,Instituto Provincial de la Vivienda,,,,,,,07/02/2019,24/03/2019,2,,,,,FOJO. DARIO MANUEL,1899,,,,,
2019,Obra 144 CONJUNTO 3 - Bº SANTA MARIA - SECTOR 3 - 107 VIV. - ADICIONAL REJAS,-30.180500305152298072415816528,-67.852565034842237851840385043,,VIVIENDA/HABITAT,1252775.24,Finalizada,VIVIENDA NUEVA,,Chimbas,,100,3122,70.Finalizado,Instituto Provincial de la Vivienda,,,,,,,06/03/2019,26/03/2019,1,,,,,SENDA  S.R.L.,2017,,,,,
2019,Obra 205 LIMPIEZA Y RETIRO DE MATERIAL DE ARRASTRE DE LA PLAYA DE MANIOBRAS DEL C. DE OPERACIONES D. DE ULLUM,-31.428626347985338226765719769,-69.533175064641250632874557134,,ARQUITECTURA,1115109.5,Finalizada,EDIFICIOS PUBLICOS,,Ullum,,100,3241,70.Finalizado,Dirección de Recursos Energéticos,,,,,,,30/08/2019,14/10/2019,2,,,,,OKOY  S.R.L.,2019,,,,,
2019,Obra 124 Bº SANTA MARIA - SECTOR 6 - CONJUNTO 6 - 118 VIV. - DPTO. CHIMBAS - ADICIONAL CALLES,-31.351286871763884560617423381,-68.785578196897770239470019686,,VIVIENDA/HABITAT,958286.18,Finalizada,OBRAS D EINFRAESTRUCTURA Y COMPLEMENTARIAS,,Chimbas,,100,3107,70.Finalizado,Instituto Provincial de la Vivienda,,,,,,,01/02/2019,03/03/2019,1,,,,,MAPAL  S.A.C.I.A.,2017,,,,,
2019,Obra 158 Bº LA QUEBRADA - 132 VIV. - DPTO. RAWSON - REPARACION DE 1 (UNA) VIVIENDA,-30.956396946127005219887859544,-69.251638243735328206638607005,,VIVIENDA/HABITAT,946849.02,Finalizada,MEJORAMIENTO DE VIVIENDAS,,Rawson,,100,3126,70.Finalizado,Instituto Provincial de la Vivienda,,,,,,,11/06/2019,31/07/2019,2,,,,,ASFA  S.R.L.,2019,,,,,
2019,Obra 185 CONJUNTO 5 - Bº SANTA MARIA - SECTOR 5 - 124 VIV. DPTO. CHIMBAS - ADICIONAL CALLES,-30.776429599240108559648483517,-69.2254707554519501254773661,,VIVIENDA/HABITAT,946787,Finalizada,OBRAS D EINFRAESTRUCTURA Y COMPLEMENTARIAS,,Chimbas,,100,3136,70.Finalizado,Instituto Provincial de la Vivienda,,,,,,,10/06/2019,30/07/2019,2,,,,,CICON  S.R.L.,2017,,,,,
2019,Obra 95 REPARACION DE VIVIENDAS EN B° CAUCETE CONJUNTO 5 Y CONJUNTO 6,-30.909858861745888525601739153,-68.169197756021995538070540944,,VIVIENDA/HABITAT,927299.22,Finalizada,MEJORAMIENTO DE VIVIENDAS,,Caucete,,100,2929,70.Finalizado,Instituto Provincial de la Vivienda,,,,,,,15/01/2019,24/02/2019,1,,,,,CONSTRUCCIONES SCOP  S.A,2017,,,,,
2019,Obra 182 REMEDIACION DESAGUES Y TRATAMIENTO DE LIQUIDOS CLOCALES DEL CENTRO DE OPERACIONES Y MANTENIMIENTO DEL DIQUE EMBALSE QUEBRADA DE ULLUM,-30.77272681426599998811226915,-68.299095514036125295167168273,,SANEAMIENTO,871378.33,Finalizada,OBRAS MIXTAS DE DEAGÜES CLOACALES . AGUA POTABLE Y/O PLUVIALES,,Ullum,,100,3215,70.Finalizado,Dirección de Recursos Energéticos,,,,,,,05/08/2019,04/10/2019,2,,,,,CARRERA. MARIO LEONARDO,2019,,,,,
2019,Obra 195 B° VIRGEN DEL SOCORRO - 120 VIV. - DPTO. ALBARDÓN- ECONOMÍAS Y DEMASÍAS DE OBRA,-30.191805697870807708703512286,-68.466874287389918425660333075,,VIVIENDA/HABITAT,804761.26,En ejecución,VIVIENDA NUEVA,,Albardon,,55.16,3061,40.En Ejecución,Instituto Provincial de la Vivienda,,,,,,,02/09/2019,09/03/2020,6,,,,,ING. JULIO NACUSI CONSTRUCCIONES  S.R.L.,2019,,,,,
2019,Obra 105 CONJUNTO 7 - B° PEDREGAL - SECTOR 1 - 40 VIV - DPTO. CHIMBAS - ADICIONAL 1 VIVIENDA,-30.603139910719540035884823105,-68.904265206414143441704816835,,VIVIENDA/HABITAT,783414.4,Finalizada,MEJORAMIENTO DE VIVIENDAS,,Chimbas,,100,3070,70.Finalizado,Instituto Provincial de la Vivienda,,,,,,,01/09/2019,01/10/2019,1,,,,,SENCO  S.R.L.,2018,,,,,
2019,Obra 202 Ampliación Red de Media Presión - V° Media Agua,-31.870877595642679044843801157,-68.385884350751984305448530192,,ENERGIA,760796.1,Finalizada,DISTRIBUCION DE GAS,,Media Agua,,100,3238,70.Finalizado,Dirección Provincial de Redes de Gas,,,,,,,02/09/2019,01/11/2019,2,,,,,NOTAR  S.R.L.,2019,,,,,
2019,Obra 117 Bº RIVADAVIA - CONJUNTO 4 - 38 VIV. - ADICIONAL CLOACAS,-30.945941054671586682960143855,-68.16914477221612872967430596,,VIVIENDA/HABITAT,748392.18,Finalizada,OBRAS D EINFRAESTRUCTURA Y COMPLEMENTARIAS,,La Bebida,,100,3098,70.Finalizado,Instituto Provincial de la Vivienda,,,,,,,07/02/2019,24/03/2019,2,,,,,SUYAI  S.R.L.,1899,,,,,
2019,Obra 115 Bº RIVADAVIA - CONJUNTO 3 - 37 VIV. - ADICIONAL CLOACAS,-31.311736011806009580787331409,-68.707403386324600515799554546,,VIVIENDA/HABITAT,640158.51,Finalizada,OBRAS D EINFRAESTRUCTURA Y COMPLEMENTARIAS,,Rivadavia,,100,3110,70.Finalizado,Instituto Provincial de la Vivienda,,,,,,,07/02/2019,24/03/2019,2,,,,,FOJO. DARIO MANUEL,1899,,,,,
2019,Obra 111 Bº RIVADAVIA - CONJUNTO 1 - 38 VIV. - ADICIONAL DE CLOACAS,-31.488465304349554131507776572,-67.811165385185993897968378815,,VIVIENDA/HABITAT,603629.05,Finalizada,VIVIENDA NUEVA,,Rivadavia,,100,3086,70.Finalizado,Instituto Provincial de la Vivienda,,,,,,,12/02/2019,29/03/2019,2,,,,,MARIO FORONI CONSTRUCCIONES  S.R.L.,2019,,,,,
2019,Obra 232 B° CRUCE DE LOS ANDES - SECTOR 1 - 200 VIV. - DPTO. POCITO - ADICIONAL CONEXIÓN DOMICILIARIA Y TRAMITACIÓN FINAL DE GAS,-30.8753114285226642513055799,-68.952935048748038320286374118,,VIVIENDA/HABITAT,530166,Finalizada,MEJORAMIENTO DE VIVIENDAS,,Pocito,,100,3144,70.Finalizado,Instituto Provincial de la Vivienda,,,,,,,07/11/2019,29/11/2019,1,,,,,SUCESION DE GIULIANI. DIAMANTE,2016,,,,,
2019,Obra 145 CONJUNTO 3 - Bº SANTA MARIA - SECTOR 3 - 107 VIV. - ADICIONAL INSPECCION FINAL DE GAS,-31.765811702755659066228603511,-68.143746734423234022378185609,,VIVIENDA/HABITAT,478923.44,Finalizada,OBRAS D EINFRAESTRUCTURA Y COMPLEMENTARIAS,,Chimbas,,100,3134,70.Finalizado,Instituto Provincial de la Vivienda,,,,,,,02/05/2019,01/06/2019,1,,,,,SENDA  S.R.L.,2017,,,,,
2019,Obra 210 B° CRUCE DE LOS ANDES - SECTOR 2 - 183 VIV. - DPTO. POCITO - ADICIONAL CONEXIÓN DOMICILIARIA Y TRAMITACIÓN FINAL DE GAS,-29.895361912605757458358830959,-69.296187950267651765733880612,,VIVIENDA/HABITAT,463396.26,Finalizada,OBRAS D EINFRAESTRUCTURA Y COMPLEMENTARIAS,,Pocito,,100,3255,70.Finalizado,Instituto Provincial de la Vivienda,,,,,,,25/10/2019,24/11/2019,1,,,,,GALVARINI & ASOCIADOS CONSTRUCCIONES  S.A,2016,,,,,
2019,Obra 131 BºJARDIN POLICIAL JACHAL- ADICIONAL CLOACAS -CONEXIONES DOMICILIARIAS,-30.724569881866785789021749842,-69.482738971316804780478098647,,VIVIENDA/HABITAT,461658.63,Finalizada,OBRAS D EINFRAESTRUCTURA Y COMPLEMENTARIAS,,San José de Jáchal,,100,3111,70.Finalizado,Instituto Provincial de la Vivienda,,,,,,,03/04/2019,03/05/2019,1,,,,,PM CONSTRUCCIONES SRL Y OBRASCOM SRL  U.T.E.,2016,,,,,
2019,Obra 139 B° SANTA MARIA - SECTOR 1 - 102 VIV - ADICIONAL CONEXION DOMICILIARIA DE GAS,-31.524015732575156056907845155,-69.558957684200880938968065142,,VIVIENDA/HABITAT,431188.68,Finalizada,VIVIENDA NUEVA,,Chimbas,,100,3115,70.Finalizado,Instituto Provincial de la Vivienda,,,,,,,06/05/2019,26/05/2019,1,,,,,DAZ CONSTRUCCIONES  S.R.L.,2016,,,,,
2019,Obra 171 B° SANTA MARÍA - SECTOR 2 - 101 VIV. - ADICIONAL TRÁMITE INSPECCIÓN FINAL DE GAS,-31.581038904340113020217850593,-68.272354437372600645210187705,,VIVIENDA/HABITAT,399965.05,Finalizada,VIVIENDA NUEVA,,Chimbas,,100,3159,70.Finalizado,Instituto Provincial de la Vivienda,,,,,,,01/08/2019,31/08/2019,1,,,,,VALDIVIESO Y DEBANDI  S.R.L.,2017,,,,,
2019,Obra 137 CONJUNTO 2 - Bº SANTA MARIA - SECTOR 2 - 101 VIV. - ADICIONAL REJAS,-30.566910262953432785612888311,-69.233563910959053161431947277,,VIVIENDA/HABITAT,380452.28,Finalizada,VIVIENDA NUEVA,,Chimbas,,100,3120,70.Finalizado,Instituto Provincial de la Vivienda,,,,,,,20/03/2019,19/04/2019,1,,,,,VALDIVIESO Y DEBANDI  S.R.L.,2017,,,,,
2019,Obra 222 B° SARMIENTO - CONJUNTO 6 - 30 VIV. - DPTO. SARMIENTO - ADICIONAL ENRIPIADO DE CALLES,-29.999578752944352572237361408,-69.195007987308810043376832142,,VIVIENDA/HABITAT,379627.23,Finalizada,OBRAS D EINFRAESTRUCTURA Y COMPLEMENTARIAS,,Sarmiento,,100,3256,70.Finalizado,Instituto Provincial de la Vivienda,,,,,,,01/11/2019,29/11/2019,1,,,,,VALDIVIESO Y DEBANDI  S.R.L.,2018,,,,,
2019,Obra 175 Traslado de una sub estación transformadora de 33 kv desde ex obrador hasta el predio de oficinas del dique punta negra,-31.178466147027754979375543434,-69.053934613683011120899431678,,ENERGIA,339269.58,Finalizada,DISTRIBUCION ELECTRICA,,Zonda,,100,3195,70.Finalizado,Dirección de Recursos Energéticos,,,,,,,11/07/2019,14/07/2019,0,,,,,SERGIO CHICONI  S.R.L.,1899,,,,,
2019,Obra 161 B° RIVADAVIA CONJUNTO 5 AMPLIACION - 125 VIV - ADICIONAL CONEXIONES DOMICILIARIAS DE GAS,-30.056133739392517899529895414,-68.968575762371768151137886508,,VIVIENDA/HABITAT,336835,Finalizada,VIVIENDA NUEVA,,Rivadavia,,100,3143,70.Finalizado,Instituto Provincial de la Vivienda,,,,,,,01/07/2019,31/07/2019,1,,,,,BALLATO CONSTRUCCIONES - COPISA S.R.L. - TECNO CONSTRUCCIONES S.R.L.  U.T.E.,1899,,,,,
2019,Obra 184 B° UTA - 65 VIV. - DPTO. CAUCETE - CONEXIÓN DOMICILIARIA DE GAS Y TRÁMITE FINAL,-30.98834354663465727548605418,-67.984639343777045040705984301,,VIVIENDA/HABITAT,308019.31,Finalizada,VIVIENDA NUEVA,,Caucete,,100,3166,70.Finalizado,Instituto Provincial de la Vivienda,,,,,,,23/08/2019,17/09/2019,1,,,,,CONSTRUCCIONES SCOP  S.A,2019,,,,,
2019,Obra 150 Bº SANTA MARIA - SECTOR 4 - CONJUNTO 4 - 106 VIVIENDAS - DPTO. CHIMBAS - ADICIONAL GAS,-29.912481833845493161502653601,-68.978753024443124122039348872,,VIVIENDA/HABITAT,306981.3,Finalizada,MEJORAMIENTO DE VIVIENDAS,,Chimbas,,100,3155,70.Finalizado,Instituto Provincial de la Vivienda,,,,,,,23/05/2019,31/05/2019,0,,,,,SIGMA  S.A,2017,,,,,
2019,Obra 159 Bº RIVADAVIA - CONJUNTO 6 - REPARACION DE 1 (UNA) VIVIENDA,-31.685826944809755152598875618,-68.003431996378022585323998757,,VIVIENDA/HABITAT,283335.4,Finalizada,MEJORAMIENTO DE VIVIENDAS,,Rivadavia,,100,3117,70.Finalizado,Instituto Provincial de la Vivienda,,,,,,,01/06/2019,30/06/2019,1,,,,,ASFA  S.R.L.,2019,,,,,
2019,Obra 179 B° SUTIAGA-69 VIV.-DPTO RIVADAVIA- ADICIONAL TRÁMITE FINAL Y CONEXIÓN DOMICILIARIA DE GAS,-31.416612088673505592480677828,-68.505462636168600256410912268,,VIVIENDA/HABITAT,230048.83,Finalizada,VIVIENDA NUEVA,,Rivadavia,,100,3187,70.Finalizado,Instituto Provincial de la Vivienda,,,,,,,01/08/2019,31/08/2019,1,,,,,ING. JULIO NACUSI CONSTRUCCIONES  S.R.L.,2016,,,,,
2019,Obra 198 B° SAN MARTÍN - 71 VIV. - DPTO SAN MARTÍN - ADICIONAL REVOQUE,-29.729435119394240212246598159,-68.461663884304331653691251233,,VIVIENDA/HABITAT,229719.1,Finalizada,MEJORAMIENTO DE VIVIENDAS,,San Martin,,100,3246,70.Finalizado,Instituto Provincial de la Vivienda,,,,,,,01/10/2019,31/10/2019,1,,,,,CONSTRUCCIONES ANDINA  S.R.L.,2016,,,,,
2019,Obra 128 Bº CAPITAL - CONJUNTO 2 - 33 VIV. - ADICONAL MODIFICACION PROFUNDIDAD DE CIMIENTOS,-30.866809545299868273609654871,-67.544813055357115699814969834,,VIVIENDA/HABITAT,227392.2,Finalizada,VIVIENDA NUEVA,,Concepción,,100,3132,70.Finalizado,Instituto Provincial de la Vivienda,,,,,,,01/03/2019,29/03/2019,1,,,,,PERFIL  S.R.L.,2017,,,,,
2019,Obra 129 Bº CAPITAL - CONJUNTO 3 - 33 VIV - DPTO. CAPITAL - ADICIONAL MODIFICACION PROFUNDIDAD DE CIMIENTOS,-30.375183092447596990764348693,-67.502065056385686029513115437,,VIVIENDA/HABITAT,227392.2,Finalizada,VIVIENDA NUEVA,,Concepción,,100,3133,70.Finalizado,Instituto Provincial de la Vivienda,,,,,,,01/03/2019,29/03/2019,1,,,,,PERFIL  S.R.L.,1899,,,,,
2019,Obra 146 B° CAPITAL-CONJUNTO 2-33 DEPARTAMENTOS-DPTO CAPITAL-ADICIONAL MURO DE CONTENCIÓN,-30.211286481847245004614805901,-67.769250780618431909526416712,,VIVIENDA/HABITAT,202310.8,Finalizada,MEJORAMIENTO DE VIVIENDAS,,Capital,,100,3147,70.Finalizado,Instituto Provincial de la Vivienda,,,,,,,01/04/2019,30/04/2019,1,,,,,PERFIL  S.R.L.,2018,,,,,
2019,Obra 206 B° RIVADAVIA - CONJUNTO 7 - 110 VIV. - DPTO RIVADAVIA - ADICIONAL TRÁMITE E INSPECCIÓN FINAL DE GAS,-31.589779894576924870821234734,-68.603960406834875828849396656,,VIVIENDA/HABITAT,182234.67,Finalizada,OBRAS D EINFRAESTRUCTURA Y COMPLEMENTARIAS,,Rivadavia,,100,3128,70.Finalizado,Instituto Provincial de la Vivienda,,,,,,,23/08/2019,29/08/2019,0,,,,,CICON  S.R.L.,2015,,,,,
2019,Obra 173 B° SAN JOSÉ - 65 VIV. - ADICIONAL TRÁMITES PARA SUMINISTRO DE GAS,-30.140783516739768902537267966,-68.12145206299956897590143783,,VIVIENDA/HABITAT,159294.2,Finalizada,VIVIENDA NUEVA,,Rawson,,100,3190,70.Finalizado,Instituto Provincial de la Vivienda,,,,,,,01/08/2019,31/08/2019,1,,,,,SIGMA  S.A,2016,,,,,
2019,Obra 141 B° CAPITAL-CONJUNTO 3-33 DPTOS-DPTO CAPITAL- ADICIONAL MURO DE CONTENCIÓN,-30.299992821412112273045978509,-68.865544540931134233404860943,,VIVIENDA/HABITAT,138311.08,Finalizada,MEJORAMIENTO DE VIVIENDAS,,Capital,,100,3148,70.Finalizado,Instituto Provincial de la Vivienda,,,,,,,01/04/2019,30/04/2019,1,,,,,PERFIL  S.R.L.,2018,,,,,
2019,Obra 225 Reemplazo y agregado de luminarias en Calle Salta Dpto. Chimbas,-29.681493580732563991509164529,-69.446225252611593322769407521,,ENERGIA,136615.51,Finalizada,TRANSPORTE ELECTRICO,,Chimbas,,100,3285,70.Finalizado,Dirección de Recursos Energéticos,,,,,,,27/11/2019,12/12/2019,1,,,,,OJEDA ESTEYBAR E HIJOS  S.R.L.,2019,,,,,
2019,Obra 227 B° SAN MARTÍN - 71 VIV. - DPTO. SAN MARTÍN - ADICIONAL RED DE DRENAJE,-30.251229865427100770491778676,-68.583004562341969120270237193,,VIVIENDA/HABITAT,107363.34,Finalizada,OBRAS D EINFRAESTRUCTURA Y COMPLEMENTARIAS,,San Martin,,100,3268,70.Finalizado,Instituto Provincial de la Vivienda,,,,,,,06/11/2019,06/12/2019,1,,,,,CONSTRUCCIONES ANDINA  S.R.L.,2016,,,,,
2019,Obra 152 B° CAPITAL- CONJUNTO 1 - 42 DEPARTAMENTOS - DPTO. CAPITAL- ADICCIONAL REGULADORES DE GAS,-31.182027624555798260601516278,-68.327239877545015681893622497,,VIVIENDA/HABITAT,88335.67,Finalizada,MEJORAMIENTO DE VIVIENDAS,,Capital,,100,3156,70.Finalizado,Instituto Provincial de la Vivienda,,,,,,,01/09/2019,30/09/2019,1,,,,,SENDA  S.R.L.,2016,,,,,
2019,Obra 133 CONJUNTO 2 - Bº SANTA MARIA - SECTOR 2 - 101 VIV. - ADICIONAL CALLES,-31.10542533779167240734755522,-67.884037164306234228446507059,,VIVIENDA/HABITAT,54764.22,Finalizada,OBRAS D EINFRAESTRUCTURA Y COMPLEMENTARIAS,,Chimbas,,100,3119,70.Finalizado,Instituto Provincial de la Vivienda,,,,,,,07/03/2019,06/04/2019,1,,,,,VALDIVIESO Y DEBANDI  S.R.L.,2017,,,,,
2019,Obra 187 B° LA QUEBRADA - REPARACIÓN 1 VIVIENDA - DPTO RAWSON - ADICIONAL SERVICIO DE RED DE AGUA,-31.828681039037958403116287223,-68.373519843507247666402806549,,VIVIENDA/HABITAT,28787.05,Finalizada,OBRAS D EINFRAESTRUCTURA Y COMPLEMENTARIAS,,Rawson,,100,3239,70.Finalizado,Instituto Provincial de la Vivienda,,,,,,,19/09/2019,18/11/2019,2,,,,,ASFA  S.R.L.,2019,,,,,
2019,Obra 134 CONJUNTO 3 - Bº SANTA MARIA - SECTOR 3 - 107 VIV. - ADICIONAL CALLES,-29.722709385384467838654304472,-68.749318900635226732508163106,,VIVIENDA/HABITAT,-679432.54,En ejecución,OBRAS D EINFRAESTRUCTURA Y COMPLEMENTARIAS,,Chimbas,,0,3135,40.En Ejecución,Instituto Provincial de la Vivienda,,,,,,,02/05/2019,01/06/2019,1,,,,,SENDA  S.R.L.,2017,,,,,
2018,Obra 33 CONSTRUCCION DE VELODROMO CUBIERTO DE SAN JUAN,-31.449268961511895453250684041,-68.633012398900157297785236144,,ARQUITECTURA,1678442111.38,En ejecución,INRAESTRUCTURA RECREATIVA Y CULTURAL,,Pocito,,34.2,2855,40.En Ejecución,Dirección de Arquitectura,,,,,,,15/06/2018,26/11/2021,42,,,,,PETERSEN. THIELE Y CRUZ S.A.C.Y M.- MAPAL S.A.C.I.A- CINTER S.R.L.- INDUSTRIAS METALURGICA JAIME S.R.L  U.T.E.,2017,,,,,
2018,Obra 53 BARRIO STOTAC - 385 VIVIENDAS - DPTO. RAWSON,-30.045921958490647953649379398,-68.915060644033857589258858669,,VIVIENDA/HABITAT,432222980.02,En ejecución,VIVIENDA NUEVA,,Rawson,,38.07,2893,40.En Ejecución,Instituto Provincial de la Vivienda,,,,,,,17/09/2018,05/03/2021,30,,,,,PETERSEN THIELE Y CRUZ SACM  S.A,2017,,,,,
2018,Obra 72 PREDIO FERIAL,-29.794682137409557079024141191,-69.211616276657392359323192185,,ARQUITECTURA,396754323.23,Finalizada,INRAESTRUCTURA RECREATIVA Y CULTURAL,,Chimbas,,100,2935,70.Finalizado,Dirección de Arquitectura,,,,,,,03/09/2018,11/01/2020,17,,,,,VALDIVIESO Y DEBANDI S.R.L.- TERUSI CONSTRUCCIONES S.A.  U.T.E.,2018,,,,,
2018,Obra 80 OBRAS BÁSICAS Y PAVIMENTACIÓN RUTA PROVINCIAL Nº54 (CAMINO A MATAGUSANOS),-29.609931209707392493843499503,-69.539649026019076364520261666,,Arquitectura,385939194.97,En ejecución,Arquitectura,,Ullum,,28.51,2953,40.En Ejecución,Dirección Provincial de Vialidad,,,,,,,17/12/2018,06/12/2020,24,,,,,FEDERICO HNOS  S.A,2018,,,,,
2018,Obra 52 TERMINACIÓN MUSEO DE CIENCIAS NATURALES,-30.532576243571518823226404156,-68.396960799710756129942432555,,ARQUITECTURA,222507080.77,En ejecución,INRAESTRUCTURA RECREATIVA Y CULTURAL,,Capital,,50.01,2899,40.En Ejecución,Dirección de Arquitectura,,,,,,,16/07/2018,02/11/2020,28,,,,,PANACAN  S.R.L.,2018,,,,,
2018,Obra 30 ESTADIO DEPORTIVO U.P.C.N.- SAN JUAN VOLEY,-31.413335637737876994342620175,-68.491327599215169983713830986,,ARQUITECTURA,152773390.8,En ejecución,INRAESTRUCTURA RECREATIVA Y CULTURAL,,Rawson,,44.55,2846,40.En Ejecución,Dirección de Arquitectura,,,,,,,15/05/2018,04/05/2020,24,,,,,ASFA  S.R.L.,2017,,,,,
2018,Obra 44 NUEVO HOSPITAL SANTA ROSA,-31.082642715664640259886425052,-69.536128035366719036849923593,,ARQUITECTURA,151928156.51,En ejecución,EDIFICIOS PARA LA SALUD,,25 de Mayo,,78.66,2849,40.En Ejecución,Dirección de Arquitectura,,,,,,,11/06/2018,29/08/2020,27,,,,,BILBAO CONSTRUCCIONES  S.R.L.,2017,,,,,
2018,Obra 67 Bº SENDEROS DEL OESTE - 90 VIVIENDAS - DPTO. 9 DE JULIO,-30.705335946639890999735913963,-68.595772077335134688599034285,,VIVIENDA/HABITAT,151517213.34,En ejecución,VIVIENDA NUEVA,,Villa 9 de Julio,,95.93,2863,40.En Ejecución,Instituto Provincial de la Vivienda,,,,,,,01/11/2018,29/03/2020,17,,,,,PERFIL  S.R.L.,2018,,,,,
2018,Obra 71 INTERVENCIÓN DEL TEMPLO ARQUIDIOCESANO SAN JOSÉ DE JÁCHAL,-30.226355994606619523461189869,-67.664430639449164090887196877,,ARQUITECTURA,147028248.5,En ejecución,EDIFICIOS RELIGIOSOS,,Jachal,,42.43,2933,40.En Ejecución,Dirección de Arquitectura,,,,,,,16/10/2018,02/02/2021,28,,,,,ING. JULIO NACUSI CONSTRUCCIONES  S.R.L.,2018,,,,,
2018,Obra 17 BARRIO AMECOM 4 - RAWSON - 123 VIVIENDAS,-29.722583279571524241788927777,-67.866543504388491312627726345,,VIVIENDA/HABITAT,146751293.46,En ejecución,VIVIENDA NUEVA,,Rawson,,99.58,2441,40.En Ejecución,Instituto Provincial de la Vivienda,,,,,,,03/04/2018,21/02/2020,23,,,,,INGENIERO CESAR BORREGO  S.R.L.,,,,,,
2018,Obra 57 BARRIO LUZ Y FUERZA V - 126 VIV. - DPTO. RAWSON,-31.350091066659681696925746645,-69.324617202647783439317549774,,VIVIENDA/HABITAT,146239744.08,En ejecución,VIVIENDA NUEVA,,Rawson,,82.87,2894,40.En Ejecución,Instituto Provincial de la Vivienda,,,,,,,01/11/2018,23/05/2020,19,,,,,MAPAL  S.A.C.I.A.,2017,,,,,
2018,Obra 74 PAVIMENTACION CIRCUITO FIORITO (PRIMERA ETAPA),-31.641421436875425767634788651,-68.797803466362824522614634709,,VIALIDAD,123836282.71,En ejecución,Arquitectura,,Sarmiento,,91.61,2952,40.En Ejecución,Dirección Provincial de Vialidad,,,,,,,11/10/2018,03/04/2020,18,,,,,CONSTRUCCIONES IVICA Y ANTONIO DUMANDZIC  S.A,2018,,,,,
2018,Obra 60 Bº OLIVARES DEL SUR - 91 VIVIENDAS - DPTO. POCITO,-31.697003497438517069652367189,-69.486936447118296527476498999,,VIVIENDA/HABITAT,103971719.63,En ejecución,VIVIENDA NUEVA,,Quinto Cuartel,,89.41,2571,40.En Ejecución,Instituto Provincial de la Vivienda,,,,,,,12/11/2018,06/04/2020,17,,,,,SIGMA  S.A,2017,,,,,
2018,Obra 23 Bº RIVADAVIA CONJUNTO 5 AMPLIACION-125 VIV.,-31.072715914705259187568959263,-67.514209074618827782274831428,,VIVIENDA/HABITAT,102509565.52,En ejecución,VIVIENDA NUEVA,,Rivadavia,,98.94,2526,40.En Ejecución,Instituto Provincial de la Vivienda,,,,,,,15/01/2018,10/04/2019,15,,,,,BALLATO CONSTRUCCIONES - COPISA S.R.L. - TECNO CONSTRUCCIONES S.R.L.  U.T.E.,2016,,,,,
2018,Obra 55 ´SEXTO PLAN 2000 CUADRAS´ PAVIMENTACION Y REPAVIMENTACION DE CALLES MUNICIPALES. GRUPO IV,-30.834108409434366502920242608,-69.466924317249133524100950659,,VIALIDAD,99796898.14,En ejecución,Arquitectura,,Capital,,96.74,2910,40.En Ejecución,Dirección Provincial de Vialidad,,,,,,,22/01/2018,23/03/2019,14,,,,,HORMIGONES DE CUYO  S.A,2017,,,,,
2018,Obra 12 BARRIO CRUCE DE LOS ANDES - SECTOR 3 - 130 VIVIENDAS,-30.79923943052416359933796516,-69.513838039449592371815534528,,VIVIENDA/HABITAT,94744856.79,En ejecución,VIVIENDA NUEVA,,Villa Aberastain,,91.43,2614,40.En Ejecución,Instituto Provincial de la Vivienda,,,,,,,01/02/2018,06/02/2020,25,,,,,CONSTRUCCIONES SCOP  S.A,2016,,,,,
2018,Obra 58 SUSTITUCION DE LA ESCUELA ARTURO BERUTI Y ESCUELA DE CAPACITACION LABORAL Nº1 (PEDRO ECHAGÜE),-30.888736254082859579177066747,-69.25345002405805871805403544,,ARQUITECTURA,88652314.92,En ejecución,EDIFICIOS EDUCATIVOS,,Caucete,,61.99,2904,40.En Ejecución,Dirección de Infraestructura Escolar,,,,,,,01/08/2018,23/03/2020,20,,,,,INGENIERO CESAR BORREGO  S.R.L.,2017,,,,,
2018,Obra 41 Refacción y Ampliación de la Escuela Normal Superior General San Martín. departamento Capital,-30.781665276168452234952308537,-68.430527101464202673725727834,,ARQUITECTURA,86569959.96,En ejecución,EDIFICIOS EDUCATIVOS,,Capital,,71,2865,40.En Ejecución,Dirección de Infraestructura Escolar,,,,,,,13/03/2018,02/03/2020,24,,,,,CONSTRUCCIONES SCOP  S.A,2017,,,,,
2018,Obra 32 CONSTRUCCION NUEVO EDIFICIO ESCUELA CARLOS VERGARA - SIXTO SALINA DE RIVERA,-31.860642095233036137077732557,-67.508658514901602450824964703,,ARQUITECTURA,84736124.95,En ejecución,EDIFICIOS EDUCATIVOS,,Pocito,,61.85,2854,40.En Ejecución,Dirección de Arquitectura,,,,,,,01/03/2018,01/11/2020,33,,,,,PERFIL  S.R.L.,2017,,,,,
2018,Obra 56 Bº TRABAJADORES VIALES NACIONALES - 73 VIV. - DPTO. SANTA LUCIA,-30.936904363994661100623907639,-68.938501027870578912023527499,,VIVIENDA/HABITAT,83836972.15,En ejecución,VIVIENDA NUEVA,,Santa Lucía,,84.45,2895,40.En Ejecución,Instituto Provincial de la Vivienda,,,,,,,01/11/2018,23/04/2020,18,,,,,MAPAL  S.A.C.I.A.,2017,,,,,
2018,Obra 78 AMPLIACIÓN OESTE PARQUE DE MAYO,-31.859401499295498060158878817,-68.500792802259591545366404999,,ARQUITECTURA,83659834.03,En ejecución,ESPACIOS DE RENOVACION URBANA,,Capital,,99.52,3002,40.En Ejecución,Dirección de Arquitectura,,,,,,,15/11/2018,07/02/2020,15,,,,,PERFIL  S.R.L.,2018,,,,,
2018,Obra 75 CONSTRUCCION PUENTE SOBRE EL RIO BLANCO,-30.638051612021712493476351571,-67.652778824794113362107131378,,VIALIDAD,75456719.62,En ejecución,OBRAS VIALES DE CONSTRUCCION (OBRA NUEVA),,Iglesia,,86.14,2959,40.En Ejecución,Dirección Provincial de Vialidad,,,,,,,16/01/2018,14/10/2019,21,,,,,FEDERICO HNOS  S.A,2017,,,,,
2018,Obra 79 CONCRETO ASFALTICO EN CALIENTE PARA CONSERVACION Y MEJORAMIENTO DE LA RED VIAL PROVINCIAL (8va ETAPA),-31.892902904302353963674718716,-68.855769753308798281704842526,,VIALIDAD,73714586.58,En ejecución,Arquitectura,,San Juan,,97.38,2957,40.En Ejecución,Dirección Provincial de Vialidad,,,,,,,01/11/2018,26/12/2019,14,,,,,CONSTRUCCIONES IVICA Y ANTONIO DUMANDZIC  S.A,2018,,,,,
2018,Obra 16 Bº CONJUNTO UNICO - 84 VIVIENDAS - DPTO. CHIMBAS,-30.597447984684444220609076289,-67.572939590887856718398488996,,VIVIENDA/HABITAT,69557484.62,En ejecución,VIVIENDA NUEVA,,Chimbas,,98.99,2739,40.En Ejecución,Instituto Provincial de la Vivienda,,,,,,,25/06/2018,19/08/2019,14,,,,,MAPAL  S.A.C.I.A.,2016,,,,,
2018,Obra 59 SUSTITUCION DE LA ESC. Juan Ignacio Gorriti,-31.888332120002776556779616194,-69.589930520272695877008041518,,ARQUITECTURA,67946256.29,En ejecución,EDIFICIOS EDUCATIVOS,,Caucete,,59.02,2917,40.En Ejecución,Dirección de Infraestructura Escolar,,,,,,,01/08/2018,03/03/2020,19,,,,,FOJO. DARIO MANUEL,2017,,,,,
2018,Obra 48 Bº PADRE CARLOS BARBERO - 48 VIV. - DPTO. SAN MARTIN,-30.871431523346709238379562151,-69.035684140064573790860884484,,VIVIENDA/HABITAT,66118338.61,En ejecución,VIVIENDA NUEVA,,San Martin,,5.75,2525,40.En Ejecución,Instituto Provincial de la Vivienda,,,,,,,03/09/2018,30/06/2019,10,,,,,GALVARINI & ASOCIADOS CONSTRUCCIONES  S.A,2017,,,,,
2018,Obra 27 BARRIO U.P.C.N. -53 VIVIENDAS-,-31.816395536443301592235755722,-68.4845583399248619231927227,,VIVIENDA/HABITAT,64965829,En ejecución,VIVIENDA NUEVA,,Capital,,97.59,2853,40.En Ejecución,Instituto Provincial de la Vivienda,,,,,,,02/07/2018,23/03/2020,21,,,,,PM CONSTRUCCIONES SRL Y OBRASCOM SRL  U.T.E.,2017,,,,,
2018,Obra 46 B° UDAP I - Profesor ´JORGE CARRIZO´ - 51 Viviendas,-30.0302954186436943035780484,-69.033940770714143634259220093,,VIVIENDA/HABITAT,61345854.02,En ejecución,VIVIENDA NUEVA,,Valle Fertil,,86.79,2892,40.En Ejecución,Instituto Provincial de la Vivienda,,,,,,,03/09/2018,15/02/2020,18,,,,,RODRIGUEZ. JORGE MANUEL,2018,,,,,
2018,Obra 28 REFUNCIONALIZACIÓN Y REFACCIÓN DE LA ESTACIÓN TERMINAL DE OMNIBUS DE SAN JUAN,-31.668640027422606997955186754,-67.631335016897357138511218845,,ARQUITECTURA,60756804.5,En ejecución,EDIFICIOS PUBLICOS,,Capital,,98.48,2848,40.En Ejecución,Dirección de Arquitectura,,,,,,,15/02/2018,08/11/2019,21,,,,,ASFA  S.R.L.,2017,,,,,
2018,Obra 22 B° SAN MARTIN - 71 VIVIENDAS - DPTO. SAN MARTIN,-30.08770103669950828934971717,-69.150802029838108996812324633,,VIVIENDA/HABITAT,56426619.27,En ejecución,VIVIENDA NUEVA,,San Martin,,99.02,2569,40.En Ejecución,Instituto Provincial de la Vivienda,,,,,,,16/05/2018,08/09/2019,16,,,,,CONSTRUCCIONES ANDINA  S.R.L.,2016,,,,,
2018,Obra 19 MUSEO DE LA HISTORIA URBANA,-31.424702803705993708872680388,-67.612671099143278589115147804,,ARQUITECTURA,53628979.07,Finalizada,INRAESTRUCTURA RECREATIVA Y CULTURAL,,Capital,,100,2782,70.Finalizado,Dirección de Arquitectura,,,,,,,19/03/2018,21/08/2019,17,,,,,PERFIL  S.R.L.,2017,,,,,
2018,Obra 25 CONSOLIDACION ESTRUCTURAL EDIFICIO 9 DE JULIO,-30.296904922255632333175130037,-68.670192275047368886951630206,,ARQUITECTURA,45818827.29,En ejecución,EDIFICIOS PUBLICOS,,Capital,,90.84,2825,40.En Ejecución,Dirección de Arquitectura,,,,,,,15/01/2018,09/07/2019,18,,,,,PERFIL  S.R.L.,2017,,,,,
2018,Obra 234 B° LOTE HOGAR VILLA YANELLO - 60 VIVIENDAS SOCIALES - DPTO. 25 DE MAYO - (EXLH),-30.133307375407306068839720308,-69.493811795787434702550856627,,VIVIENDA/HABITAT,39469013.54,En ejecución,VIVIENDA NUEVA,,Villa Santa Rosa,,36.8,3304,40.En Ejecución,Instituto Provincial de la Vivienda,,,,,,,22/11/2018,16/01/2020,14,,,,,C.G.C. CONSTRUCCIONES  S.R.L.,2018,,,,,
2018,Obra 82 SUSTITUCIÓN ESCUELA DE CAPACITACIÓN LABORAL ING. LUIS A. NOUSSAN,-30.220948709577567687477261593,-67.861202104235107484594346409,,ARQUITECTURA,35508203.4,En ejecución,EDIFICIOS EDUCATIVOS,,Albardon,,77.89,3057,40.En Ejecución,Dirección de Infraestructura Escolar,,,,,,,10/12/2018,03/05/2020,17,,,,,TERUSI CONSTRUCCIONES  S.A,2018,,,,,
2018,Obra 109 Ramal de Alta Presión y PRF 25 de Mayo,-30.360752678695073760429694795,-69.384997994091191513987908806,,ENERGIA,34986037.43,En ejecución,TRANSPORTE DE GAS,,Villa Santa Rosa,,24.03,3093,40.En Ejecución,Dirección Provincial de Redes de Gas,,,,,,,03/12/2018,28/11/2019,12,,,,,DAZ CONSTRUCCIONES  S.R.L.,2018,,,,,
2018,Obra 167 CONCRETO ASFALTICO EN CALIENTE PARA CONSERVACION Y MEJORAMIENTO DE LA RED VIAL PROVINCIAL (8va ETAPA) - ADDENDA,-30.130534313802682551725620338,-67.53346761845698656065348269,,VIALIDAD,33874037.78,En ejecución,Arquitectura,,San Juan,,99.93,3175,40.En Ejecución,Dirección Provincial de Vialidad,,,,,,,01/11/2018,26/12/2019,14,,,,,CONSTRUCCIONES IVICA Y ANTONIO DUMANDZIC  S.A,2018,,,,,
2018,Obra 14 B° PRADO NORTE - 39 VIVIENDAS - DEPARTAMENTO  CHIMBAS,-30.921499020795398292056233746,-68.557403625998407398945813116,,VIVIENDA/HABITAT,31736010.1,En ejecución,VIVIENDA NUEVA,,Chimbas,,98.63,2615,40.En Ejecución,Instituto Provincial de la Vivienda,,,,,,,01/06/2018,23/11/2019,18,,,,,MACRO CONSTRUCCIONES  S.R.L.,2016,,,,,
2018,Obra 63 AMPLIACIÓN. REFUNCIONALIZACIÓN Y REFACCIÓN DE LA ENI Nº 35 ESTRELLA DE LOS ANDES,-31.817626331472183299445710709,-67.798396132174616735240144997,,ARQUITECTURA,30689388.67,Finalizada,EDIFICIOS EDUCATIVOS,,Capital,,100,2925,70.Finalizado,Dirección de Infraestructura Escolar,,,,,,,01/08/2018,27/07/2019,12,,,,,BILBAO CONSTRUCCIONES  S.R.L.,2018,,,,,
2018,Obra 160 SEXTO PLAN 2.000 CUADRAS - PAVIMENTACION Y REPAVIMENTACIONES DE CALLES MUNICIPALES - GRUPO V - ADENDA,-29.775183047705080558300247262,-68.678494200987257030405361366,,VIALIDAD,29934815.4,En ejecución,OBRAS VIALES DE SANEAMIENTO,,Calingasta,,32.99,3176,40.En Ejecución,Dirección Provincial de Vialidad,,,,,,,16/04/2018,16/12/2019,20,,,,,CAMINOS  S.R.L.,2017,,,,,
2018,Obra 83 SUSTITUCIÓN DE LA ESCUELA AGUSTIN GOMEZ,-30.683823906835712959139700858,-68.630251552261421633483990384,,ARQUITECTURA,29796086.33,En ejecución,EDIFICIOS EDUCATIVOS,,Jachal,,42.3,3051,40.En Ejecución,Dirección de Infraestructura Escolar,,,,,,,10/12/2018,03/05/2020,17,,,,,C.G.C. CONSTRUCCIONES  S.R.L.,2018,,,,,
2018,Obra 51 SEÑALIZACION HORIZONTAL - PROVISION Y COLOCACION DE TACHAS REFLECTIVAS Y SEÑALAMIENTO VERTICAL,-30.041658107110066158889215124,-68.907825284332738560964069997,,VIALIDAD,28950905.6,En ejecución,Arquitectura,,San Juan,,74.43,2898,40.En Ejecución,Dirección Provincial de Vialidad,,,,,,,10/05/2018,06/11/2018,6,,,,,BECHA  S.A,2018,,,,,
2018,Obra 47 BARRIO NUESTRA SEÑORA DEL ROSARIO - 22 VIVIENDAS - DPTO. 9 DE JULIO,-31.004078767119466457489314979,-69.291032176468038877525467936,,VIVIENDA/HABITAT,28189261.94,En ejecución,VIVIENDA NUEVA,,Villa 9 de Julio,,96.13,2896,40.En Ejecución,Instituto Provincial de la Vivienda,,,,,,,03/09/2018,31/01/2020,17,,,,,PEDERNAL CONSTRUCCIONES  S.R.L.,2018,,,,,
2018,Obra 181 CONSTRUCCION DE VELODROMO CUBIERTO DE SAN JUAN- ALTERACION N° 1,-31.451017796773680281209229345,-68.551354064825445870576544372,,ARQUITECTURA,25986029.12,En ejecución,INRAESTRUCTURA RECREATIVA Y CULTURAL,,Pocito,,77.32,3218,40.En Ejecución,Dirección de Arquitectura,,,,,,,15/06/2018,26/11/2021,42,,,,,PETERSEN. THIELE Y CRUZ S.A.C.Y M.- MAPAL S.A.C.I.A- CINTER S.R.L.- INDUSTRIAS METALURGICA JAIME S.R.L  U.T.E.,2017,,,,,
2018,Obra 18 CENTRO DE SALUD SAN MARTIN,-31.318903554204657056611208089,-69.356488681816800368296411478,,ARQUITECTURA,25837776.8,En ejecución,EDIFICIOS PARA LA SALUD,,San Martin,,48.4,2783,40.En Ejecución,Dirección de Arquitectura,,,,,,,07/05/2018,28/12/2019,20,,,,,NIVEL CONSTRUCCIONES  S.R.L.,2017,,,,,
2018,Obra 168 Ramal de Alta Presión y P.R.F. en Villa Don Bosco,-29.762079710773911213084495502,-67.740099600924042306377173682,,ENERGIA,24305739.1,En ejecución,TRANSPORTE DE GAS,,San Isidro,,89.11,2962,40.En Ejecución,Dirección Provincial de Redes de Gas,,,,,,,03/12/2018,26/02/2020,15,,,,,DAZ CONSTRUCCIONES  S.R.L.,2018,,,,,
2018,Obra 69 CAMPO DE ENSAMBLAJE Y MONTAJE DE ANTENA DE RADIOTELESCOPIO CART - 40,-31.62902068900655831500191992,-68.473284299101368255351590302,,VIALIDAD,23848879.51,En ejecución,OBRAS VIALES DE CONSTRUCCION (OBRA NUEVA),,Calingasta,,99.69,2923,40.En Ejecución,Dirección Provincial de Vialidad,,,,,,,19/09/2018,18/10/2019,13,,,,,DUMANDZIC HNOS  S.A,2018,,,,,
2018,Obra 65 LIMPIEZA DE TERRENO Bº VALLE DEL SOL - DPTO. RAWSON,-31.795700928737399151478276408,-68.766937036446287293444125666,,VIVIENDA/HABITAT,15713908.73,En ejecución,OBRAS D EINFRAESTRUCTURA Y COMPLEMENTARIAS,,Rawson,,,2926,40.En Ejecución,Instituto Provincial de la Vivienda,,,,,,,01/10/2018,29/01/2019,4,,,,,PERFIL  S.R.L.,2018,,,,,
2018,Obra 43 CONJUNTO 1 - Bº SANTA MARÍA - SECTOR 1 - 102 VIVIENDAS - DTO. CHIMBAS. - ADICIONAL OBRA DE RED DE GAS,-29.941694440510181739432298482,-67.673359097252179200563028249,,VIVIENDA/HABITAT,13914210.16,Finalizada,OBRAS D EINFRAESTRUCTURA Y COMPLEMENTARIAS,,Chimbas,,100,2871,70.Finalizado,Instituto Provincial de la Vivienda,,,,,,,18/05/2018,12/02/2019,9,,,,,DAZ CONSTRUCCIONES  S.R.L.,2017,,,,,
2018,Obra 26 ESCUELA DE CINE,-29.745546212611610155839498615,-68.034120028058475021298833137,,ARQUITECTURA,13832410.81,Finalizada,INRAESTRUCTURA RECREATIVA Y CULTURAL,,Capital,,100,2824,70.Finalizado,Dirección de Arquitectura,,,,,,,01/03/2018,19/02/2019,12,,,,,C.G.C. CONSTRUCCIONES  S.R.L.,2017,,,,,
2018,Obra 84 AMPLIACIÓN. REFACCIÓN Y REFUNCIONALIZACIÓN DE LA ESCUELA 12 DE OCTUBRE,-30.809614458164045438416760797,-69.581341390576842821452320924,,ARQUITECTURA,12044049.18,En ejecución,EDIFICIOS EDUCATIVOS,,Calingasta,,74.37,3043,40.En Ejecución,Dirección de Infraestructura Escolar,,,,,,,10/12/2018,04/03/2020,15,,,,,C.G.C. CONSTRUCCIONES  S.R.L.,2018,,,,,
2018,Obra 36 AMPLIACIÓN DE LA ESC. NORMAL SUPERIOR BELGRANO DE CAUCETE,-31.383468890806623151645347701,-69.215555936581926963016238195,,ARQUITECTURA,9789421.62,En ejecución,EDIFICIOS EDUCATIVOS,,Caucete,,,2845,40.En Ejecución,Dirección de Infraestructura Escolar,,,,,,,16/04/2018,10/02/2019,10,,,,,EL ROBLE DESARROLLADORA INMOBILIARIA  S.A,2017,,,,,
2018,Obra 216 AMPLIACION PARQUE DE MAYO - ALTERACION AL CONTRATO N°2,-30.621346484494462630695366331,-69.260822048230868379363786141,,ARQUITECTURA,9664375.06,Finalizada,ESPACIOS DE RENOVACION URBANA,,Capital,,100,3283,70.Finalizado,Dirección de Arquitectura,,,,,,,15/11/2018,09/11/2019,12,,,,,PERFIL  S.R.L.,2018,,,,,
2018,Obra 231 INTERVENCIÓN TEMPLO ARQUIDIOCESANO SAN JOSÉ DE JACHAL- ALTERACIÓN AL CONTRATO Nº 1,-30.233122045389752062083462454,-68.986395110333056039273389648,,ARQUITECTURA,7418521.02,En ejecución,MONUMENTOS HISTORICOS,,Jachal,,20.54,3295,40.En Ejecución,Dirección de Arquitectura,,,,,,,16/10/2018,02/02/2021,28,,,,,ING. JULIO NACUSI CONSTRUCCIONES  S.R.L.,2018,,,,,
2018,Obra 221 CONSTRUCCION PUENTE SOBRE EL RIO BLANCO - ADDENDA N° 1,-31.330852253793904303564405488,-69.560199333619074516117200409,,VIALIDAD,7394933.28,En ejecución,OBRAS VIALES DE CONSTRUCCION (OBRA NUEVA),,Buena Esperanza,,68.16,3280,40.En Ejecución,Dirección Provincial de Vialidad,,,,,,,16/01/2018,14/10/2019,21,,,,,FEDERICO HNOS  S.A,1899,,,,,
2018,Obra 34 Bº AMPLIACION CONJUNTO 2 - 12 DEPARTAMENTOS -,-30.083810247551687654691682798,-67.612134612746802954710782454,,VIVIENDA/HABITAT,6831516.95,En ejecución,VIVIENDA NUEVA,,Concepción,,98.52,2856,40.En Ejecución,Instituto Provincial de la Vivienda,,,,,,,15/05/2018,29/04/2019,12,,,,,PERFIL  S.R.L.,2015,,,,,
2018,Obra 35 Bº AMPLIACION CONJUNTO 3 - 12 DEPARTAMENTOS -,-31.396613754145531935581061529,-68.912703041402186075602079903,,VIVIENDA/HABITAT,6815740.23,En ejecución,VIVIENDA NUEVA,,Concepción,,98.51,2860,40.En Ejecución,Instituto Provincial de la Vivienda,,,,,,,15/05/2018,29/04/2019,12,,,,,PERFIL  S.R.L.,2015,,,,,
2018,Obra 140 Campo de Ensamblaje y Montaje de Antena de Radio Telescopio CART-40 - ADENDA,-30.970444285659402007831518296,-68.578124948132760769819358072,,VIALIDAD,6103352.52,En ejecución,OBRAS VIALES DE CONSTRUCCION (OBRA NUEVA),,Calingasta,,99.82,3151,40.En Ejecución,Dirección Provincial de Vialidad,,,,,,,19/09/2018,18/10/2019,13,,,,,DUMANDZIC HNOS  S.A,2018,,,,,
2018,Obra 211 AMPLIACION OESTE PARQUE DE MAYO - ALTERACION AL CONTRATO N°3 ,-29.759004920684758114803266637,-67.651995353039622796787122998,,ARQUITECTURA,4381199.53,En ejecución,ESPACIOS DE RENOVACION URBANA,,CAPITAL,,58.91,3276,40.En Ejecución,Dirección de Arquitectura,,,,,,,15/11/2018,07/02/2020,15,,,,,PERFIL  S.R.L.,2018,,,,,
2018,Obra 188 1° MODIFICACION DE CONTRATO ESC.ARTURO BERUTI,-31.521937702471070067911102708,-69.597761333365362402755422705,,ARQUITECTURA,4176126.02,En ejecución,EDIFICIOS EDUCATIVOS,,Caucete,,90.13,3220,40.En Ejecución,Dirección de Infraestructura Escolar,,,,,,,01/08/2018,23/03/2020,20,,,,,INGENIERO CESAR BORREGO  S.R.L.,2017,,,,,
2018,Obra 37 COMPENSACION ECON.Y ADIC. B° ATSA VI - 57 Viviendas,-30.26235765680010517766050368,-68.594258923588160050967716871,,VIVIENDA/HABITAT,4017579.38,Finalizada,VIVIENDA NUEVA,,Pocito,,100,2802,70.Finalizado,Instituto Provincial de la Vivienda,,,,,,,03/05/2018,01/08/2018,3,,,,,RODRIGUEZ. JORGE MANUEL,2017,,,,,
2018,Obra 193 NUEVO HOSPITAL SANTA ROSA - ALTERACIONES AL CONTRATO Nº 01,-30.628905214565769951277689883,-67.820283012575158901653732922,,ARQUITECTURA,3515518.64,En ejecución,EDIFICIOS PARA LA SALUD,,25 de Mayo,,96.01,3247,40.En Ejecución,Dirección de Arquitectura,,,,,,,11/06/2018,28/09/2020,28,,,,,BILBAO CONSTRUCCIONES  S.R.L.,2017,,,,,
2018,Obra 64 ECONOMIAS Y DEMASIAS DE RED DE CLOACAS -  Bº  17 DE OCTUBRE - 125  VIVIENDAS ,-31.419548911300384702197483083,-68.091140105480224704225653618,,VIVIENDA/HABITAT,2822504.63,Finalizada,OBRAS D EINFRAESTRUCTURA Y COMPLEMENTARIAS,,San José de Jáchal,,100,2922,70.Finalizado,Instituto Provincial de la Vivienda,,,,,,,03/09/2018,03/10/2018,1,,,,,PANACAN  S.R.L.,2015,,,,,
2018,Obra 212 ALTERACIONES Nº 03 REFUNCIONALIZACION TERMINAL DE OMNIBUS,-31.520722662037301306261410294,-67.860193681620123446140948735,,ARQUITECTURA,2792861.6,Finalizada,EDIFICIOS PUBLICOS,,Capital,,100,3267,70.Finalizado,Dirección de Arquitectura,,,,,,,15/02/2018,08/10/2019,20,,,,,ASFA  S.R.L.,2017,,,,,
2018,Obra 209 REFUNCIONALIZACION Y REFACCION DE LA ESTACION TERMINAL DE OMNIBUS SAN JUAN - ALTERACIONES AL CONTRATO N°2,-31.781859677303286959637157732,-69.245498542343770209765660533,,ARQUITECTURA,2057311.15,Finalizada,EDIFICIOS PUBLICOS,,CAPITAL,,100,3274,70.Finalizado,Dirección de Arquitectura,,,,,,,15/02/2018,08/10/2019,20,,,,,ASFA  S.R.L.,2017,,,,,
2018,Obra 73 ADICIONAL RED DISTRIBUIDORA DE AGUA POTABLE - Bº VALLE GRANDE - TERMINACION SECTOR 8 - DPTO. RAWSON,-30.921136833954512361236908451,-67.955983811030585234849692304,,VIVIENDA/HABITAT,1567421.94,Finalizada,OBRAS D EINFRAESTRUCTURA Y COMPLEMENTARIAS,,Rawson,,100,2927,70.Finalizado,Instituto Provincial de la Vivienda,,,,,,,01/10/2018,30/11/2018,2,,,,,FOJO. DARIO MANUEL,2016,,,,,
2018,Obra 66 CONSTRUCCION Y COLOCACION DE REJAS - CONJUNTO 7 - Bº PEDREGAL - SECTOR 3  - 70 VIV. - DPTO. CHIMBAS,-30.290804924747041750793764802,-69.46087724553162168427057,,VIVIENDA/HABITAT,1474821.41,Finalizada,VIVIENDA NUEVA,,Chimbas del Norte,,100,2905,70.Finalizado,Instituto Provincial de la Vivienda,,,,,,,03/09/2018,03/10/2018,1,,,,,BILBAO CONSTRUCCIONES  S.R.L.,2017,,,,,
2018,Obra 77 CONSTRUCCION Y COLOCACION DE REJAS - CONJUNTO 8 Bº PEDREGAL - SECTOR 2  - 68 VIVIENDAS,-31.515912490410230061793693361,-68.618680442875803518531581346,,VIVIENDA/HABITAT,1408861.24,Finalizada,MEJORAMIENTO DE VIVIENDAS,,Chimbas,,100,2907,70.Finalizado,Instituto Provincial de la Vivienda,,,,,,,03/09/2018,02/11/2018,2,,,,,PANACAN  S.R.L.,2017,,,,,
2018,Obra 76 Compensación entre Economía y Adicional de Obra B° Cruce de Los Andes - Sector 2-183 Viv Dto. Pocito,-30.501063221035014690862977028,-68.039729468494807326454871081,,VIVIENDA/HABITAT,1246323.69,Finalizada,OBRAS D EINFRAESTRUCTURA Y COMPLEMENTARIAS,,La Rinconada,,100,2956,70.Finalizado,Instituto Provincial de la Vivienda,,,,,,,01/11/2018,31/12/2018,2,,,,,GALVARINI & ASOCIADOS CONSTRUCCIONES  S.A,2016,,,,,
2018,Obra 238 ´AMPLIACION OESTE PARQUE DE MAYO - ALTERACION AL CONTRATO N°4´,-30.265166683760678748886826741,-67.739078224423165874519989934,,ARQUITECTURA,904616.3,En ejecución,INRAESTRUCTURA RECREATIVA Y CULTURAL,,CAPITAL,,0,3302,40.En Ejecución,Dirección de Arquitectura,,,,,,,15/11/2018,13/07/2019,8,,,,,PERFIL  S.R.L.,2018,,,,,
2018,Obra 104 CONJUNTO 7 - B° PEDREGAL SECTOR 1 - 40 VIV.- DPTO. CHIMBAS - ADICIONAL REJAS,-31.018122436546571142022233627,-68.429803300805899060754063012,,VIVIENDA/HABITAT,863823.87,Finalizada,MEJORAMIENTO DE VIVIENDAS,,Chimbas,,100,3083,70.Finalizado,Instituto Provincial de la Vivienda,,,,,,,01/10/2018,29/01/2019,4,,,,,SENCO  S.R.L.,2018,,,,,
2018,Obra 68 EJECUCIÓN DE 110 PASANTES VEHICULARES EN BARRIO VALLE GRANDE - SECTOR 5 - 110 VIVIENDAS,-29.985249259144201079219436571,-69.004078085210010160476766541,,VIVIENDA/HABITAT,834853.8,Finalizada,OBRAS D EINFRAESTRUCTURA Y COMPLEMENTARIAS,,Rawson,,100,2931,70.Finalizado,Instituto Provincial de la Vivienda,,,,,,,01/10/2018,31/10/2018,1,,,,,VALDIVIESO Y DEBANDI  S.R.L.,2018,,,,,
2018,Obra 207 LATERACION Nº 01 - CONST. NUEVO EDIFICIO ESCUELA CARLOS VERGARA - SIXTO SALINA DE RIVERA,-30.69464917400508864084065883,-68.794200549958821666287607504,,ARQUITECTURA,685025.1,En ejecución,EDIFICIOS EDUCATIVOS,,Pocito,,17.71,3258,40.En Ejecución,Dirección de Arquitectura,,,,,,,01/03/2018,01/11/2020,33,,,,,PERFIL  S.R.L.,2017,,,,,
2018,Obra 61 PASANTES VEHICULARES - Bº RAWSON - CONJUNTO 4 - 74 VIV. - DPTO. RAWSON,-31.187503742326842286785282572,-69.264051596439214038737726026,,VIVIENDA/HABITAT,561628.92,Finalizada,OBRAS D EINFRAESTRUCTURA Y COMPLEMENTARIAS,,Rawson,,100,2921,70.Finalizado,Instituto Provincial de la Vivienda,,,,,,,14/09/2018,13/11/2018,2,,,,,SENDA  S.R.L.,2017,,,,,
2018,Obra 70 EJECUCIÓN DE 62 PASANTES VEHICULARES EN Bº PROGRESO - 62 VIVIENDAS,-30.090840878999610209890575289,-68.205321030657357529507661648,,VIVIENDA/HABITAT,470554.25,Finalizada,OBRAS D EINFRAESTRUCTURA Y COMPLEMENTARIAS,,Villa Krause,,100,2941,70.Finalizado,Instituto Provincial de la Vivienda,,,,,,,16/10/2018,15/11/2018,1,,,,,VALDIVIESO Y DEBANDI  S.R.L.,2017,,,,,
2018,Obra 62 Bº CAPITAL - CONJUNTO 1 - 42 DPTOS. - ADICIONAL GARITA DE VIGILANCIA Y PAÑOL DE LIMPIEZA,-31.867050157537173070767864899,-68.642812089024637811146220747,,VIVIENDA/HABITAT,308178.01,Finalizada,OBRAS D EINFRAESTRUCTURA Y COMPLEMENTARIAS,,CAPITAL,,100,2913,70.Finalizado,Instituto Provincial de la Vivienda,,,,,,,13/09/2018,13/10/2018,1,,,,,SENDA  S.R.L.,2016,,,,,
2018,Obra 170 CIRCUITO FIORITO - SARMIENTO - ETAPA I - ADENDA,-31.736685173947882952310314954,-68.72957586613297267070398934,,VIALIDAD,-8324056.49,En ejecución,Arquitectura,,Media Agua,,52.31,3193,40.En Ejecución,Dirección Provincial de Vialidad,,,,,,,11/10/2018,03/04/2020,18,,,,,CONSTRUCCIONES IVICA Y ANTONIO DUMANDZIC  S.A,2018,,,,,
2017,Obra 7 CONJUNTO 6 - Bº SANTA MARIA - SECTOR 6 - 118 VIVIENDAS,-31.603674155408429690916069689,-68.190094208912995326015151804,,VIVIENDA/HABITAT,107362316.8,Finalizada,VIVIENDA NUEVA,,Chimbas,,100,2443,70.Finalizado,Instituto Provincial de la Vivienda,,,,,,,15/05/2017,19/02/2019,22,,,,,MAPAL  S.A.C.I.A.,2017,,,,,
2017,Obra 13 CONJUNTO 4 - Bº SANTA MARIA - SECTOR 4 - 106 VIVIENDAS,-31.841221430830783601728005865,-69.133894714782638667151994856,,VIVIENDA/HABITAT,92837466.61,Finalizada,VIVIENDA NUEVA,,Chimbas,,100,2438,70.Finalizado,Instituto Provincial de la Vivienda,,,,,,,15/05/2017,06/12/2018,19,,,,,SIGMA  S.A,2017,,,,,
2017,Obra 50 SEXTO PLAN 2000 CUADRAS -PAVIMENTACION Y REPAVIMENTACION DE CALLES MUNICIPALES GRUPO VII,-31.817642162016659973424398436,-68.732519048505824999156528177,,VIALIDAD,73647536.87,En ejecución,Arquitectura,,Rawson,,32.34,2885,40.En Ejecución,Dirección Provincial de Vialidad,,,,,,,24/01/2017,24/01/2018,12,,,,,MAPAL  S.A.C.I.A.,1899,,,,,
2017,Obra 15 Bº PISMANTA III - 68 VIVIENDAS,-31.276125953942180104337502122,-69.320861222011441266153073653,,VIVIENDA/HABITAT,68476248.11,En ejecución,VIVIENDA NUEVA,,San José de Jáchal,,97.1,2464,40.En Ejecución,Instituto Provincial de la Vivienda,,,,,,,18/04/2017,08/10/2019,30,,,,,SUYAI  S.R.L.,2017,,,,,
2017,Obra 11 ´AMPLIACIÓN. REFUNCIONALIZACIÓN Y REFACCIÓN DE LA ESC. AGROTÉCNICA DE ZONDA´,-30.985166477428483060193972963,-68.57574031026997163435549669,,ARQUITECTURA,62805405.43,En ejecución,EDIFICIOS EDUCATIVOS,,Zonda,,,2593,40.En Ejecución,Dirección de Infraestructura Escolar,,,,,,,02/01/2017,26/06/2018,18,,,,,TERUSI CONSTRUCCIONES  S.A,2016,,,,,
2017,Obra 92 MANTENIMIENTO ESPACIOS VERDES Y SISTEMA RIEGO AV. CIRCUNVALACIÓN (RENGLÓN 1),-30.196658765615963847785035856,-68.188803569082750678501156372,,ARQUITECTURA,61820931.29,En ejecución,ESPACIOS DE PROTECCION /CONSERVACION AMBIENTAL,,CAPITAL,,78.63,2887,40.En Ejecución,Dirección Provincial de Espacios Verdes,,,,,,,01/09/2017,16/08/2020,36,,,,,PERFIL  S.R.L.,2017,,,,,
2017,Obra 54 SEXTO PLAN 2000 CUADRAS -PAVIMENTACION Y REPAVIMENTACION DE CALLES MUNICIPALES- GRUPO III,-30.870935018188770448617823563,-68.456334319363247384491804729,,VIALIDAD,59840737.6,En ejecución,Arquitectura,,Albardon,,36.28,2700,40.En Ejecución,Dirección Provincial de Vialidad,,,,,,,12/12/2017,12/12/2018,12,,,,,DUMANDZIC HNOS  S.A,2017,,,,,
2017,Obra 24 Bº SUTIAGA - 69 VIVIENDAS,-31.721204369241689860126268631,-67.717153250064004430637125704,,VIVIENDA/HABITAT,56187063.3,En ejecución,VIVIENDA NUEVA,,Rivadavia,,99.66,2548,40.En Ejecución,Instituto Provincial de la Vivienda,,,,,,,01/12/2017,20/12/2019,25,,,,,ING. JULIO NACUSI CONSTRUCCIONES  S.R.L.,2016,,,,,
2017,Obra 10 Ampliación. Refacción y Refuncionalización de la Esc. Fray J. Sta Maria de Oro - Colegio Provincial de Concepción, CENS Nº 74 y Gabinete Técnico Interdisciplinario de Educación.,-30.394996383161905277258260188,-69.36415649891825878197567841,,ARQUITECTURA,35178437.28,En ejecución,EDIFICIOS EDUCATIVOS,,Capital,,,2547,40.En Ejecución,Dirección de Infraestructura Escolar,,,,,,,02/01/2017,27/04/2018,16,,,,,BILBAO CONSTRUCCIONES  S.R.L.,1899,,,,,
2017,Obra 6 BARRIO SMATA AMPLIACION - 35 VIV.,-31.181261787607582286835296486,-67.913440377795479418162074763,,VIVIENDA/HABITAT,29704890.79,En ejecución,VIVIENDA NUEVA,,Santa Lucía,,99,2418,40.En Ejecución,Instituto Provincial de la Vivienda,,,,,,,01/11/2017,10/01/2019,15,,,,,FOJO. DARIO MANUEL,2016,,,,,
2017,Obra 91 MANTENIMIENTO ESPACIOS VERDES Y SISTEMA RIEGO ACCESO SURRENGLÓN 2,-30.266571107037882017300699611,-67.703942491134204796538768397,,ARQUITECTURA,28642550.86,En ejecución,ESPACIOS DE PROTECCION /CONSERVACION AMBIENTAL,,Capital,,77.85,2886,40.En Ejecución,Dirección Provincial de Espacios Verdes,,,,,,,01/09/2017,16/08/2020,36,,,,,TERUSI CONSTRUCCIONES  S.A,2017,,,,,
2017,Obra 29 CONSTRUCCION Y REMODELACION ESCUELA ANTENOR FLORES VIDAL,-31.298358649782037273549174361,-68.780075922750598526099357678,,ARQUITECTURA,19775118.91,Finalizada,EDIFICIOS EDUCATIVOS,,Jachal,,100,2847,70.Finalizado,Dirección de Arquitectura,,,,,,,01/11/2017,22/08/2019,22,,,,,MILIAR  S.R.L.,2017,,,,,
2017,Obra 199 ALTERACIONES AL CONTRATO Nº1 - CONSTRUCCION Y REMODELACION ESCUELA ANTENOR FLORES VIDAL,-30.428283463854914584679086644,-68.826325377903059998136733191,,ARQUITECTURA,1370593.72,Finalizada,EDIFICIOS EDUCATIVOS,,Jachal,,100,3253,70.Finalizado,Dirección de Arquitectura,,,,,,,01/11/2017,23/08/2019,22,,,,,MILIAR  S.R.L.,2017,,,,,
2017,Obra 177 MANTENIMEINTO ESPACIOS VERDES Y SISTEMA DE RIEGO AV. CIRCUNVALACION - ADENDA 1,-30.82852656474550547578102536,-68.321029222921619464291715094,,ARQUITECTURA,945551.59,Finalizada,ESPACIOS DE PROTECCION /CONSERVACION AMBIENTAL,,Capital,,100,3213,70.Finalizado,Dirección Provincial de Espacios Verdes,,,,,,,01/09/2017,16/08/2020,36,,,,,PERFIL  S.R.L.,2017,,,,,
2016,Obra 86 Centro Cultural y Deportivo Ex Bodega La Superiora,-30.882490839653522162339648537,-68.256728453349770682075477384,,ARQUITECTURA,165250451.28,En ejecución,INRAESTRUCTURA RECREATIVA Y CULTURAL,,Rawson,,93.94,2944,40.En Ejecución,Dirección de Arquitectura,,,,,,,03/10/2016,31/01/2020,41,,,,,PERFIL SRL - INGENIERO CESAR BORREGO SRL  U.T.E.,2016,,,,,
2016,Obra 20 B° RIVADAVIA - CONJUNTO 4 - 38 VIVIENDAS,-29.885480715522814856761819903,-68.182391832306445226745774938,,VIVIENDA/HABITAT,23094690.06,En ejecución,VIVIENDA NUEVA,,Rivadavia,,98.92,2572,40.En Ejecución,Instituto Provincial de la Vivienda,,,,,,,14/10/2016,14/06/2019,32,,,,,SUYAI  S.R.L.,2017,,,,,
2015,Obra 176 TRANSFORMACION EN AUTOVIA RUTA NACIONAL 40,-31.267927742658350072130622014,-69.012905710974057903625113177,,VIALIDAD,699457795.89,En ejecución,OBRAS VIALES DE CONSTRUCCION (OBRA NUEVA),,Capital,,51.45,3211,40.En Ejecución,Dirección Provincial de Vialidad,,,,,,,25/09/2015,25/02/2020,54,,,,,MAPAL S.A.C.I.A. Y CONSTRUCCIONES IVICA Y ANTONIO DUMANDZIC S.A.  U.T.E.,2015,,,,,
2015,Obra 200 TRANSFORMACION EN AUTOVIA RUTA NACIONAL Nº 40 - ADDENDA 1,-29.686838146413215106797648876,-69.072855381102267752307718946,,VIALIDAD,181379385.39,En ejecución,OBRAS VIALES DE CONSTRUCCION (OBRA NUEVA),,Capital,,41.14,3237,40.En Ejecución,Dirección Provincial de Vialidad,,,,,,,25/09/2015,25/02/2020,54,,,,,MAPAL S.A.C.I.A. Y CONSTRUCCIONES IVICA Y ANTONIO DUMANDZIC S.A.  U.T.E.,2015,,,,,
2015,Obra 85 AMPLIACION HOSPITAL DR. MARCIAL QUIROGA,-30.062298787239661094604852749,-68.248881894509303649532115638,,ARQUITECTURA,135787857.75,En ejecución,EDIFICIOS PARA LA SALUD,,Rivadavia,,62.89,3049,40.En Ejecución,Dirección de Arquitectura,,,,,,,01/12/2015,01/11/2020,60,,,,,ING. JULIO NACUSI CONSTRUCCIONES  S.R.L.,2014,,,,,
